,order_id,order_date,product,quantity,unit_price,total_price,region,sales_person,discount,notes
0,1000,2023-04-09,Tablet,2,1480.3,4700.7,EU,Unknown,0.0,Repeat Customer
1,1002,2023-01-13,Unknown,7,1447.6,4686.0,US,Doris,0.0,Late Payment
2,1003,2023-06-12,Unknown,5,436.1,4227.0,EU,Unknown,0.0,Urgent
3,1004,2023-01-13,Phone,6,1253.0,1437.3,LATAM,Unknown,0.0,No Notes
4,1005,2023-04-05,Laptop,10,1204.0,3843.42,Unknown,Bob,0.16,Urgent
5,1006,2023-01-13,Phone,8,1253.0,9233.24,US,Eve,0.05,Repeat Customer
6,1007,2023-03-18,Unknown,1,2402.1,1873.64,US,Bob,0.22,No Notes
7,1008,2023-09-16,Keyboard,6,2323.0,5083.1,US,Bob,0.0,Urgent
8,1009,2023-10-01,Unknown,4,1581.4,683.3,US,Bob,0.0,No Notes
9,1011,2023-02-28,Monitor,7,1203.0,2430.43,Unknown,Unknown,0.03,Urgent
10,1012,2000-01-01,Monitor,7,1203.0,4575.0,EU,Alice,0.0,Repeat Customer
11,1013,2023-04-02,Mouse,1,1262.1,4509.67,US,Charlie,0.02,Repeat Customer
12,1014,2023-10-08,Unknown,1,9347.7,8880.32,US,Doris,0.05,Late Payment
13,1015,2023-02-01,Phone,10,1253.0,8809.8,US,Eve,0.0,No Notes
14,1016,2023-01-13,Unknown,10,2225.4,5038.9,LATAM,Frank,0.0,No Notes
15,1018,2000-01-01,Tablet,9,918.0,8990.3,LATAM,Bob,0.0,No Notes
16,1019,2000-01-01,Laptop,7,1035.2,4498.8,US,Alice,0.0,Repeat Customer
17,1021,2023-09-17,Mouse,7,1239.0,6637.2,EU,Unknown,0.0,Late Payment
18,1023,2000-01-01,Unknown,10,1542.6,3045.7,Unknown,Frank,0.0,Repeat Customer
19,1024,2023-01-13,Camera,6,2380.5,6394.64,LATAM,Charlie,0.05,No Notes
20,1025,2023-11-14,Headphones,9,617.5,8927.7,Unknown,Doris,0.0,Urgent
21,1026,2023-01-13,Printer,7,1374.2,4652.7,Unknown,Eve,0.0,No Notes
22,1027,2023-01-13,Monitor,7,1355.0,4643.9,APAC,Doris,0.0,Late Payment
23,1028,2023-07-22,Printer,3,2268.2,5058.2,APAC,Bob,0.0,No Notes
24,1030,2023-01-13,Headphones,5,1181.1,3515.05,LATAM,Bob,0.23,Urgent
25,1031,2023-10-01,Monitor,7,1414.3,3830.06,US,Charlie,0.18,Repeat Customer
26,1032,2000-01-01,Headphones,4,2078.1,4972.0,US,Alice,0.0,Late Payment
27,1033,2000-01-01,Phone,6,2073.5,4969.9,EU,Unknown,0.0,No Notes
28,1034,2023-10-09,Keyboard,10,1458.7,4691.1,US,Charlie,0.0,Late Payment
29,1035,2023-10-23,Camera,4,1022.0,3414.53,Unknown,Bob,0.24,Late Payment
30,1037,2023-12-25,Monitor,8,1203.0,9805.3,EU,Doris,0.0,Urgent
31,1038,2023-01-13,Tablet,8,1458.8,4691.0,APAC,Alice,0.0,Urgent
32,1040,2023-07-10,Unknown,10,1567.5,1579.0,US,Charlie,0.0,No Notes
33,1041,2023-01-13,Printer,10,1971.7,4677.61,LATAM,Charlie,0.05,Urgent
34,1043,2023-01-03,Unknown,5,2233.3,9161.6,Unknown,Bob,0.0,Late Payment
35,1044,2023-01-13,Headphones,7,1659.8,4782.3,EU,Frank,0.0,No Notes
36,1045,2000-01-01,Headphones,10,1730.1,6257.8,LATAM,Eve,0.0,No Notes
37,1046,2023-11-01,Tablet,5,1385.1,4619.9,APAC,Bob,0.0,No Notes
38,1047,2023-08-16,Printer,10,2305.4,5075.2,Unknown,Frank,0.0,Urgent
39,1051,2000-01-01,Phone,7,424.2,445.93,EU,Frank,0.05,Repeat Customer
40,1052,2023-03-26,Tablet,8,609.7,3961.34,EU,Bob,0.08,No Notes
41,1054,2023-01-13,Laptop,8,30.2,3840.76,Unknown,Eve,0.05,No Notes
42,1055,2023-01-13,Unknown,3,2012.8,7888.2,US,Charlie,0.0,Late Payment
43,1057,2000-01-01,Camera,6,1978.8,4927.0,EU,Alice,0.0,Urgent
44,1058,2023-01-13,Unknown,4,1771.5,6495.9,APAC,Alice,0.0,No Notes
45,1060,2023-01-13,Camera,6,1001.4,3631.64,US,Doris,0.19,Urgent
46,1061,2023-10-26,Phone,10,2034.5,3127.68,EU,Eve,0.05,Repeat Customer
47,1062,2023-01-22,Laptop,10,1204.0,4438.23,Unknown,Unknown,0.03,No Notes
48,1063,2000-01-01,Camera,4,1440.6,4585.8,EU,Bob,0.0,Urgent
49,1065,2023-11-21,Headphones,10,1367.6,4165.7,US,Alice,0.0,Late Payment
50,1066,2023-11-16,Phone,7,937.9,4454.7,US,Bob,0.0,Urgent
51,1067,2023-02-12,Tablet,10,1458.7,3518.32,LATAM,Alice,0.25,No Notes
52,1069,2023-01-13,Unknown,10,2209.5,5031.7,Unknown,Alice,0.0,No Notes
53,1070,2023-09-04,Keyboard,7,778.0,4163.0,EU,Alice,0.05,Repeat Customer
54,1071,2000-01-01,Headphones,10,1458.7,4644.19,EU,Alice,0.01,Late Payment
55,1073,2023-01-13,Monitor,10,1586.7,4511.65,US,Charlie,0.05,Late Payment
56,1075,2023-05-26,Mouse,9,782.9,4384.4,US,Bob,0.0,No Notes
57,1077,2023-10-17,Mouse,7,974.7,4471.4,US,Bob,0.0,Late Payment
58,1078,2023-01-13,Phone,10,1253.0,4597.7,US,Eve,0.0,Repeat Customer
59,1079,2000-01-01,Camera,6,458.8,4025.44,LATAM,Doris,0.05,Urgent
60,1080,2023-02-17,Unknown,10,394.1,4208.0,APAC,Bob,0.0,Repeat Customer
61,1081,2000-01-01,Monitor,10,1203.0,9040.7,US,Bob,0.0,No Notes
62,1082,2023-04-27,Keyboard,6,2186.6,4770.14,US,Eve,0.05,Late Payment
63,1083,2023-09-05,Monitor,7,1203.0,4472.25,Unknown,Bob,0.11,Late Payment
64,1084,2023-03-11,Laptop,7,1204.0,4266.92,US,Alice,0.05,No Notes
65,1085,2023-01-13,Monitor,5,1203.0,4346.16,EU,Unknown,0.05,Late Payment
66,1086,2000-01-01,Tablet,8,178.5,4110.2,EU,Alice,0.0,Urgent
67,1087,2023-02-12,Unknown,10,1369.6,4418.07,Unknown,Bob,0.05,Urgent
68,1089,2000-01-01,Headphones,10,1458.7,4456.54,Unknown,Bob,0.05,No Notes
69,1092,2023-01-13,Headphones,8,292.5,4161.9,US,Eve,0.0,Repeat Customer
70,1093,2023-05-23,Tablet,8,439.9,4228.8,US,Bob,0.0,Late Payment
71,1094,2023-11-23,Mouse,10,510.4,4260.8,EU,Frank,0.0,No Notes
72,1095,2023-09-05,Keyboard,7,1319.0,4627.6,US,Bob,0.0,Repeat Customer
73,1096,2023-03-19,Headphones,9,1458.7,4691.0,LATAM,Frank,0.0,Urgent
74,1097,2023-01-13,Unknown,9,429.9,3168.15,US,Alice,0.25,Urgent
75,1097,2023-05-19,Unknown,7,1458.8,4691.0,Unknown,Doris,0.0,Late Payment
76,1099,2000-01-01,Printer,10,1458.7,3612.15,Unknown,Charlie,0.23,Late Payment
77,1100,2023-04-15,Phone,7,1253.0,2365.69,US,Frank,0.05,No Notes
78,1102,2023-01-13,Laptop,7,1204.0,4209.37,Unknown,Unknown,0.08,Repeat Customer
79,1103,2023-01-13,Tablet,8,122.8,3880.66,Unknown,Charlie,0.05,Late Payment
80,1104,2023-01-13,Unknown,7,1774.8,3964.21,US,Alice,0.18,No Notes
81,1105,2023-07-05,Headphones,6,2183.3,5019.8,LATAM,Unknown,0.0,No Notes
82,1108,2023-01-13,Phone,8,1253.0,8687.32,EU,Alice,0.09,Late Payment
83,1109,2023-08-24,Monitor,7,1743.5,4579.19,LATAM,Doris,0.05,Repeat Customer
84,1110,2023-07-11,Unknown,3,2445.0,5138.4,Unknown,Doris,0.0,Late Payment
85,1111,2023-11-03,Camera,10,1050.5,4505.9,Unknown,Charlie,0.0,Urgent
86,1111,2023-01-13,Printer,1,2735.6,2735.6,US,Charlie,0.0,Repeat Customer
87,1111,2023-10-10,Tablet,6,2069.2,3813.58,APAC,Charlie,0.05,Urgent
88,1114,2023-01-13,Keyboard,10,905.3,630.6,Unknown,Eve,0.0,Urgent
89,1115,2023-04-20,Tablet,10,1458.7,4456.54,Unknown,Unknown,0.05,Repeat Customer
90,1116,2000-01-01,Camera,6,289.4,5731.3,APAC,Frank,0.0,Urgent
91,1117,2000-01-01,Laptop,10,1288.0,4059.97,EU,Alice,0.12,Repeat Customer
92,1118,2023-01-14,Camera,1,1355.5,4094.6,Unknown,Frank,0.0,No Notes
93,1119,2023-11-03,Unknown,6,1347.8,7281.3,EU,Alice,0.0,No Notes
94,1120,2000-01-01,Mouse,8,479.3,3949.43,Unknown,Alice,0.07,Urgent
95,1121,2023-08-20,Monitor,7,1103.0,4529.6,LATAM,Frank,0.0,Repeat Customer
96,1122,2000-01-01,Keyboard,5,1483.2,4702.1,Unknown,Alice,0.0,No Notes
97,1123,2000-01-01,Tablet,9,571.1,7656.71,Unknown,Alice,0.05,No Notes
98,1124,2000-01-01,Mouse,10,138.3,8737.5,LATAM,Bob,0.0,Late Payment
99,1125,2023-01-07,Printer,10,1458.7,4691.1,Unknown,Unknown,0.0,Late Payment
100,1126,2000-01-01,Mouse,9,123.8,7415.1,EU,Unknown,0.0,Late Payment
101,1128,2023-09-21,Phone,1,2107.9,689.0,EU,Doris,0.0,Urgent
102,1131,2023-02-21,Phone,8,949.2,7031.4,Unknown,Alice,0.0,No Notes
103,1133,2000-01-01,Phone,10,1253.0,4367.81,US,Alice,0.05,Urgent
104,1135,2023-01-13,Monitor,2,956.2,4462.9,US,Bob,0.0,No Notes
105,1136,2023-02-05,Headphones,8,267.2,4150.4,Unknown,Alice,0.0,Urgent
106,1137,2023-09-19,Unknown,10,900.2,1467.9,Unknown,Eve,0.0,Urgent
107,1138,2023-08-21,Printer,10,1458.7,4456.54,US,Bob,0.05,Late Payment
108,1139,2023-06-16,Headphones,7,1585.9,4511.26,Unknown,Frank,0.05,No Notes
109,1140,2023-03-22,Printer,6,1996.2,4688.16,Unknown,Charlie,0.05,Late Payment
110,1142,2000-01-01,Mouse,7,654.3,4109.7,Unknown,Unknown,0.05,No Notes
111,1143,2023-12-04,Mouse,7,1239.0,3489.5,Unknown,Bob,0.0,Urgent
112,1144,2023-02-01,Unknown,10,1458.7,4456.54,LATAM,Alice,0.05,No Notes
113,1145,2000-01-01,Headphones,10,522.4,4266.2,APAC,Frank,0.0,Urgent
114,1146,2000-01-01,Unknown,7,2115.3,4988.9,EU,Bob,0.0,Urgent
115,1148,2023-08-20,Printer,10,1458.7,3987.44,Unknown,Bob,0.15,No Notes
116,1148,2023-05-02,Camera,10,1599.1,5501.8,US,Eve,0.0,No Notes
117,1150,2023-08-24,Headphones,10,1102.5,2503.72,Unknown,Bob,0.05,Repeat Customer
118,1151,2000-01-01,Tablet,10,1964.3,4920.4,EU,Unknown,0.0,Late Payment
119,1152,2023-02-27,Headphones,8,326.0,4177.1,US,Doris,0.0,No Notes
120,1153,2000-01-01,Printer,2,1458.9,3471.34,US,Alice,0.26,No Notes
121,1154,2000-01-01,Monitor,10,1203.0,3477.0,APAC,Bob,0.24,Urgent
122,1155,2000-01-01,Printer,7,1724.6,4811.6,APAC,Eve,0.0,Late Payment
123,1156,2000-01-01,Unknown,10,1078.8,4518.7,US,Charlie,0.0,Urgent
124,1156,2023-07-04,Printer,10,963.8,4243.18,EU,Charlie,0.05,Repeat Customer
125,1158,2023-11-20,Printer,10,1458.7,4456.54,LATAM,Bob,0.05,Urgent
126,1159,2023-06-14,Monitor,5,1203.0,4346.16,EU,Eve,0.05,No Notes
127,1160,2000-01-01,Headphones,10,1254.0,4598.2,APAC,Alice,0.0,Late Payment
128,1161,2023-03-25,Unknown,2,662.8,4329.8,EU,Unknown,0.0,No Notes
129,1162,2023-01-13,Phone,5,516.0,4050.04,US,Eve,0.05,Urgent
130,1163,2023-07-04,Keyboard,3,41.5,4047.9,EU,Charlie,0.0,Urgent
131,1164,2023-01-13,Camera,7,1783.7,4596.48,US,Alice,0.05,Late Payment
132,1165,2023-02-19,Monitor,9,2158.7,4758.17,Unknown,Charlie,0.05,No Notes
133,1166,2023-07-21,Mouse,6,2290.5,5319.23,EU,Charlie,0.07,No Notes
134,1167,2023-01-13,Phone,8,1253.0,7398.4,Unknown,Frank,0.0,Repeat Customer
135,1168,2023-04-26,Laptop,7,590.2,9034.88,Unknown,Eve,0.05,No Notes
136,1169,2023-01-05,Laptop,7,1755.1,4728.99,APAC,Alice,0.02,No Notes
137,1170,2023-01-13,Headphones,8,591.7,4297.6,US,Charlie,0.0,No Notes
138,1172,2023-01-13,Unknown,6,2294.4,5070.2,Unknown,Charlie,0.0,Urgent
139,1172,2000-01-01,Headphones,8,1019.3,2047.25,EU,Eve,0.05,Urgent
140,1175,2000-01-01,Headphones,8,706.6,4349.8,LATAM,Unknown,0.0,Late Payment
141,1176,2023-01-13,Headphones,10,74.9,3860.04,EU,Bob,0.05,Repeat Customer
142,1177,2023-11-08,Monitor,6,2099.7,3636.71,US,Frank,0.27,Late Payment
143,1178,2000-01-01,Camera,10,234.7,5719.57,Unknown,Alice,0.05,Repeat Customer
144,1179,2023-03-26,Laptop,10,1204.0,4575.5,Unknown,Bob,0.0,Repeat Customer
145,1180,2000-01-01,Unknown,10,1458.7,4691.1,APAC,Alice,0.0,Repeat Customer
146,1181,2023-01-23,Tablet,6,2419.2,5760.09,Unknown,Charlie,0.1,Repeat Customer
147,1182,2023-01-13,Printer,1,2574.0,2574.0,EU,Alice,0.0,Repeat Customer
148,1183,2000-01-01,Phone,10,415.0,4006.62,EU,Bob,0.05,No Notes
149,1184,2000-01-01,Laptop,10,1522.2,1021.6,LATAM,Alice,0.0,Late Payment
150,1185,2000-01-01,Tablet,1,2004.8,1623.89,LATAM,Charlie,0.19,No Notes
151,1186,2000-01-01,Unknown,5,1458.8,4691.0,APAC,Bob,0.0,No Notes
152,1187,2023-05-19,Phone,6,2427.1,5130.4,Unknown,Unknown,0.0,No Notes
153,1188,2023-08-10,Camera,10,1895.4,9491.1,LATAM,Doris,0.0,Urgent
154,1189,2023-11-27,Unknown,6,2277.9,5062.7,Unknown,Unknown,0.0,No Notes
155,1190,2000-01-01,Phone,10,379.0,4201.2,US,Eve,0.0,No Notes
156,1193,2023-09-02,Phone,7,347.8,1728.14,EU,Doris,0.01,Late Payment
157,1194,2000-01-01,Unknown,2,1458.9,4691.0,US,Frank,0.0,Urgent
158,1195,2023-10-06,Monitor,10,680.0,4120.91,EU,Bob,0.05,No Notes
159,1199,2023-01-13,Tablet,10,1458.7,4456.54,APAC,Frank,0.05,Late Payment
160,1200,2023-01-13,Keyboard,7,1164.8,3327.05,US,Bob,0.27,No Notes
161,1202,2023-04-09,Unknown,6,1951.6,4914.6,Unknown,Alice,0.0,No Notes
162,1202,2023-09-07,Mouse,10,20.3,4038.4,EU,Charlie,0.0,Repeat Customer
163,1204,2023-01-13,Headphones,7,1230.5,4358.12,EU,Doris,0.05,Repeat Customer
164,1205,2023-01-13,Unknown,6,2192.6,5883.87,US,Alice,0.01,No Notes
165,1207,2000-01-01,Monitor,10,2080.4,4973.1,EU,Charlie,0.0,Repeat Customer
166,1208,2023-08-11,Unknown,2,1675.9,4549.93,US,Bob,0.05,No Notes
167,1209,2023-05-09,Tablet,1,7388.0,7018.6,EU,Alice,0.05,Late Payment
168,1210,2023-08-20,Mouse,10,1239.0,4361.83,Unknown,Alice,0.05,Urgent
169,1211,2023-12-02,Headphones,7,1699.2,4800.1,EU,Charlie,0.0,Urgent
170,1212,2023-01-13,Laptop,10,1204.0,4346.72,US,Alice,0.05,No Notes
171,1213,2023-11-21,Laptop,6,2131.2,3547.23,LATAM,Frank,0.29,No Notes
172,1215,2023-01-13,Camera,10,1276.5,3639.8,LATAM,Bob,0.0,Late Payment
173,1217,2023-01-13,Unknown,10,2132.0,3523.44,US,Bob,0.23,No Notes
174,1218,2023-10-22,Printer,1,2247.8,9244.5,APAC,Charlie,0.0,No Notes
175,1221,2023-01-13,Monitor,10,1711.6,3700.47,EU,Doris,0.23,Late Payment
176,1222,2023-11-28,Unknown,1,6932.4,6932.4,Unknown,Alice,0.0,No Notes
177,1223,2000-01-01,Monitor,10,1203.0,3248.25,US,Charlie,0.29,No Notes
178,1223,2023-03-09,Unknown,5,1777.1,4835.4,EU,Eve,0.0,Urgent
179,1225,2023-06-17,Camera,1,2219.8,2108.81,US,Frank,0.05,No Notes
180,1226,2023-09-27,Phone,7,1609.2,3474.29,US,Alice,0.27,No Notes
181,1227,2023-01-13,Camera,7,748.1,2279.03,US,Charlie,0.29,Urgent
182,1228,2000-01-01,Phone,6,2350.0,4942.54,US,Alice,0.03,Repeat Customer
183,1229,2023-01-13,Headphones,7,1579.2,3003.85,EU,Bob,0.23,Urgent
184,1230,2023-01-13,Unknown,1,8223.0,7811.85,Unknown,Charlie,0.05,No Notes
185,1231,2023-01-13,Unknown,6,1388.3,3913.56,Unknown,Unknown,0.16,Late Payment
186,1232,2000-01-01,Unknown,10,984.0,1678.12,EU,Unknown,0.14,Late Payment
187,1233,2000-01-01,Mouse,10,1239.0,6199.0,US,Bob,0.0,No Notes
188,1235,2023-02-18,Unknown,10,2148.2,6953.0,EU,Bob,0.22,No Notes
189,1236,2023-10-13,Laptop,8,1204.0,6542.5,US,Alice,0.0,Repeat Customer
190,1237,2023-09-03,Unknown,10,359.5,3018.46,APAC,Bob,0.28,Repeat Customer
191,1238,2023-06-09,Laptop,7,976.4,4472.2,US,Bob,0.0,Late Payment
192,1239,2000-01-01,Mouse,10,947.1,3388.76,US,Bob,0.24,No Notes
193,1240,2023-01-13,Monitor,10,401.8,4211.5,US,Bob,0.0,No Notes
194,1241,2023-03-21,Monitor,10,1438.0,8463.64,EU,Charlie,0.05,No Notes
195,1244,2023-11-16,Unknown,9,1458.7,4691.0,EU,Unknown,0.0,No Notes
196,1245,2023-12-25,Headphones,7,1198.1,4298.43,Unknown,Eve,0.06,No Notes
197,1247,2000-01-01,Keyboard,7,1001.3,4259.32,US,Doris,0.05,Urgent
198,1248,2023-07-26,Tablet,7,1458.8,4691.0,US,Bob,0.0,Urgent
199,1249,2023-01-13,Unknown,10,1103.0,4303.21,EU,Doris,0.05,No Notes
200,1250,2023-01-12,Tablet,1,4060.5,4060.5,EU,Bob,0.0,No Notes
201,1253,2023-01-13,Headphones,6,1458.8,4456.45,US,Bob,0.05,No Notes
202,1254,2023-03-09,Printer,10,2183.1,1770.85,US,Charlie,0.23,Urgent
203,1256,2023-01-13,Headphones,1,3163.4,2815.43,EU,Doris,0.11,Late Payment
204,1257,2023-05-18,Keyboard,7,1251.9,4367.34,US,Alice,0.05,No Notes
205,1258,2023-01-13,Monitor,8,498.2,4735.1,APAC,Alice,0.0,No Notes
206,1259,2000-01-01,Phone,3,546.5,4277.0,EU,Frank,0.0,Late Payment
207,1259,2023-11-28,Unknown,10,1458.7,4691.1,Unknown,Bob,0.0,No Notes
208,1261,2023-01-13,Headphones,8,187.6,4114.3,US,Eve,0.0,Late Payment
209,1262,2000-01-01,Headphones,10,321.4,3966.25,US,Doris,0.05,Urgent
210,1263,2000-01-01,Camera,2,1183.3,2945.57,EU,Bob,0.05,No Notes
211,1264,2023-01-13,Printer,8,346.4,4186.4,Unknown,Unknown,0.0,Late Payment
212,1265,2023-01-13,Mouse,8,36.3,4045.6,EU,Bob,0.0,Late Payment
213,1265,2023-10-10,Laptop,7,1204.0,3676.85,Unknown,Alice,0.07,No Notes
214,1267,2023-01-13,Keyboard,5,2135.2,1374.9,Unknown,Bob,0.0,Repeat Customer
215,1268,2023-01-18,Phone,7,321.4,2335.8,EU,Bob,0.0,Late Payment
216,1269,2023-08-12,Mouse,10,149.5,4077.38,LATAM,Eve,0.25,Urgent
217,1270,2023-08-13,Laptop,8,244.0,3932.9,EU,Frank,0.05,No Notes
218,1271,2023-05-21,Mouse,10,1239.0,3089.3,EU,Bob,0.05,Urgent
219,1272,2023-08-23,Mouse,10,1239.0,4361.83,EU,Alice,0.05,No Notes
220,1273,2023-01-13,Printer,4,901.8,2514.5,Unknown,Bob,0.0,Repeat Customer
221,1274,2000-01-01,Keyboard,10,1458.7,4691.1,US,Bob,0.0,Repeat Customer
222,1275,2023-10-12,Mouse,7,1711.2,4661.43,Unknown,Frank,0.03,Urgent
223,1276,2023-01-28,Phone,10,1253.0,4091.95,EU,Alice,0.11,Urgent
224,1278,2023-02-04,Camera,10,1645.6,4775.9,Unknown,Bob,0.0,No Notes
225,1279,2000-01-01,Camera,10,1458.7,4691.1,US,Frank,0.0,Late Payment
226,1280,2023-01-13,Mouse,6,2400.0,5118.1,EU,Unknown,0.0,Urgent
227,1281,2023-04-07,Keyboard,10,1156.3,4553.9,LATAM,Doris,0.0,Urgent
228,1282,2023-01-13,Printer,6,2066.0,4867.17,EU,Alice,0.02,Late Payment
229,1283,2023-02-28,Unknown,10,1588.4,3054.8,US,Unknown,0.0,No Notes
230,1284,2000-01-01,Printer,10,1458.7,3893.61,US,Bob,0.17,No Notes
231,1285,2023-07-17,Tablet,10,1634.1,4770.6,LATAM,Doris,0.0,Late Payment
232,1286,2000-01-01,Headphones,9,484.3,7699.1,US,Bob,0.0,Urgent
233,1287,2023-06-22,Phone,2,1556.3,3740.81,EU,Frank,0.21,Late Payment
234,1288,2023-12-07,Monitor,7,1561.4,3932.21,EU,Alice,0.17,Late Payment
235,1289,2023-01-13,Laptop,8,1204.0,8644.2,EU,Alice,0.0,No Notes
236,1290,2023-02-11,Tablet,7,1406.1,4433.74,EU,Frank,0.05,Urgent
237,1291,2023-05-21,Camera,5,1568.2,4740.6,LATAM,Charlie,0.0,Repeat Customer
238,1292,2023-10-22,Headphones,10,1425.1,4272.34,LATAM,Charlie,0.05,Repeat Customer
239,1293,2023-07-05,Unknown,10,800.6,1849.5,EU,Frank,0.0,No Notes
240,1294,2023-01-13,Tablet,4,1458.8,4362.63,LATAM,Doris,0.07,Late Payment
241,1295,2000-01-01,Unknown,10,1233.7,1267.57,EU,Alice,0.23,Late Payment
242,1296,2023-04-22,Phone,8,1253.0,8669.1,Unknown,Alice,0.0,Late Payment
243,1297,2023-12-19,Camera,6,2195.6,4422.35,EU,Unknown,0.12,Repeat Customer
244,1298,2000-01-01,Tablet,8,145.8,3194.33,Unknown,Bob,0.22,Repeat Customer
245,1299,2000-01-01,Mouse,8,1479.9,8385.36,EU,Frank,0.05,Urgent
246,1300,2023-12-15,Camera,10,957.7,4240.51,APAC,Charlie,0.05,Urgent
247,1301,2023-01-13,Unknown,3,2247.4,5048.8,EU,Bob,0.0,No Notes
248,1302,2000-01-01,Printer,7,1504.2,4429.0,LATAM,Alice,0.06,Late Payment
249,1302,2023-01-13,Mouse,2,2484.4,5156.3,APAC,Bob,0.0,Urgent
250,1304,2023-05-11,Headphones,9,1458.7,3846.62,LATAM,Doris,0.18,No Notes
251,1306,2023-05-23,Laptop,2,1993.9,4687.01,Unknown,Alice,0.05,Urgent
252,1308,2023-08-05,Unknown,7,1161.6,4328.39,US,Unknown,0.05,No Notes
253,1309,2023-06-03,Mouse,10,1431.7,4304.5,US,Alice,0.08,No Notes
254,1310,2023-05-27,Camera,10,1964.5,4674.57,EU,Bob,0.05,Repeat Customer
255,1311,2023-01-13,Mouse,3,2345.7,1627.24,Unknown,Alice,0.21,Urgent
256,1312,2023-01-22,Mouse,8,1239.0,4591.3,LATAM,Frank,0.0,Late Payment
257,1313,2023-05-04,Tablet,5,48.0,4050.9,US,Eve,0.0,No Notes
258,1314,2000-01-01,Laptop,3,1182.1,3842.2,Unknown,Alice,0.0,No Notes
259,1315,2023-06-27,Printer,10,1458.7,4456.54,Unknown,Bob,0.05,Repeat Customer
260,1317,2023-09-04,Mouse,9,1239.0,5909.4,LATAM,Unknown,0.0,No Notes
261,1318,2000-01-01,Headphones,7,1365.9,4648.9,Unknown,Bob,0.0,Late Payment
262,1319,2023-08-06,Unknown,7,825.2,914.4,EU,Charlie,0.0,No Notes
263,1321,2023-01-12,Camera,6,2165.5,5011.7,Unknown,Frank,0.0,No Notes
264,1324,2000-01-01,Monitor,6,1203.0,344.3,Unknown,Frank,0.0,Urgent
265,1325,2000-01-01,Camera,2,620.6,3146.74,EU,Alice,0.27,No Notes
266,1327,2023-05-26,Keyboard,8,1458.8,3471.34,EU,Eve,0.26,Urgent
267,1328,2000-01-01,Mouse,9,598.1,7595.91,US,Bob,0.05,No Notes
268,1329,2000-01-01,Unknown,10,1448.6,6426.2,EU,Charlie,0.0,Late Payment
269,1330,2000-01-01,Printer,10,1458.7,3330.68,Unknown,Frank,0.29,Urgent
270,1332,2023-11-01,Headphones,2,1083.8,2400.08,EU,Bob,0.05,No Notes
271,1333,2023-10-03,Headphones,10,1458.7,4691.1,US,Bob,0.0,No Notes
272,1335,2023-02-16,Camera,10,1885.9,7156.8,EU,Bob,0.0,No Notes
273,1337,2023-07-23,Unknown,7,840.3,4410.4,US,Frank,0.0,Urgent
274,1339,2023-10-08,Camera,1,9666.1,9472.78,EU,Frank,0.02,No Notes
275,1340,2023-08-17,Unknown,4,101.8,3871.54,EU,Doris,0.05,Urgent
276,1341,2000-01-01,Unknown,3,1458.9,4691.0,LATAM,Bob,0.0,Late Payment
277,1342,2023-12-22,Unknown,10,2412.1,5123.6,APAC,Frank,0.0,Repeat Customer
278,1343,2023-09-12,Printer,4,1993.8,7389.86,Unknown,Bob,0.05,Urgent
279,1344,2000-01-01,Tablet,10,1061.7,1872.16,EU,Charlie,0.22,Late Payment
280,1345,2023-01-18,Camera,6,2467.1,5045.53,LATAM,Eve,0.02,Repeat Customer
281,1347,2023-01-13,Headphones,8,284.2,3950.2,Unknown,Doris,0.05,Urgent
282,1348,2023-03-14,Unknown,10,349.6,4020.38,LATAM,Frank,0.04,Late Payment
283,1349,2023-01-13,Monitor,10,1598.6,4754.5,LATAM,Bob,0.0,Repeat Customer
284,1350,2000-01-01,Monitor,9,563.8,9138.4,Unknown,Alice,0.0,No Notes
285,1350,2023-09-13,Printer,10,2291.8,8834.81,US,Eve,0.07,Urgent
286,1352,2023-05-06,Printer,10,1458.7,4691.1,EU,Bob,0.0,No Notes
287,1352,2023-12-09,Unknown,1,8880.9,7637.57,Unknown,Frank,0.14,Late Payment
288,1354,2023-02-23,Tablet,10,1626.1,7534.2,US,Frank,0.0,Late Payment
289,1355,2023-06-12,Printer,7,1135.4,4317.08,US,Bob,0.05,Late Payment
290,1356,2023-02-04,Tablet,10,2188.7,5022.3,APAC,Bob,0.0,Urgent
291,1358,2023-01-13,Laptop,6,2391.0,4858.3,APAC,Charlie,0.05,Repeat Customer
292,1359,2000-01-01,Keyboard,10,2340.4,9291.38,US,Bob,0.05,No Notes
293,1360,2000-01-01,Mouse,3,1239.0,4361.64,Unknown,Eve,0.05,No Notes
294,1361,2000-01-01,Laptop,3,1010.1,4242.04,US,Alice,0.05,No Notes
295,1362,2000-01-01,Unknown,8,494.2,4253.4,Unknown,Charlie,0.0,Late Payment
296,1363,2023-01-13,Printer,9,1458.7,4691.0,APAC,Alice,0.0,Repeat Customer
297,1365,2023-01-13,Camera,8,1458.8,4644.09,Unknown,Doris,0.01,Repeat Customer
298,1366,2023-11-27,Unknown,6,2267.9,5058.1,Unknown,Bob,0.0,No Notes
299,1367,2000-01-01,Phone,6,2114.8,4988.6,APAC,Frank,0.0,Late Payment
300,1368,2023-06-02,Camera,10,1500.9,4710.2,EU,Eve,0.0,Urgent
301,1369,2023-01-05,Camera,6,1035.9,785.23,LATAM,Doris,0.24,No Notes
302,1371,2023-01-13,Tablet,10,2453.0,4833.67,Unknown,Alice,0.06,No Notes
303,1372,2023-08-04,Keyboard,1,2301.0,5586.19,APAC,Frank,0.05,Late Payment
304,1373,2023-09-06,Camera,10,256.8,3938.41,LATAM,Eve,0.05,Urgent
305,1375,2023-01-13,Keyboard,9,1458.7,4691.0,EU,Bob,0.0,Late Payment
306,1376,2000-01-01,Unknown,10,41.8,4048.2,US,Bob,0.0,No Notes
307,1378,2023-03-25,Keyboard,7,584.8,954.75,US,Bob,0.05,No Notes
308,1380,2000-01-01,Printer,8,2179.0,8848.2,Unknown,Alice,0.0,No Notes
309,1381,2000-01-01,Printer,10,1458.7,4221.99,US,Eve,0.1,No Notes
310,1381,2023-06-12,Unknown,1,4125.2,4125.2,LATAM,Doris,0.0,No Notes
311,1383,2023-12-03,Mouse,3,1239.0,3627.05,EU,Alice,0.21,Late Payment
312,1385,2000-01-01,Monitor,10,1203.0,4300.5,Unknown,Alice,0.06,Late Payment
313,1386,2023-01-13,Monitor,7,1293.3,4615.9,APAC,Bob,0.0,Late Payment
314,1388,2023-11-09,Headphones,4,1458.8,3799.71,Unknown,Alice,0.19,Repeat Customer
315,1389,2023-05-09,Unknown,6,1957.8,3589.7,US,Alice,0.27,No Notes
316,1390,2023-12-27,Unknown,9,1506.9,4969.6,LATAM,Bob,0.0,Late Payment
317,1391,2023-12-26,Headphones,10,1458.7,3940.52,EU,Bob,0.16,Late Payment
318,1392,2023-05-08,Mouse,6,2055.2,4961.6,EU,Doris,0.0,Late Payment
319,1394,2000-01-01,Laptop,5,1204.0,4575.4,Unknown,Bob,0.0,No Notes
320,1395,2023-01-13,Printer,1,2017.0,7912.3,EU,Alice,0.0,Late Payment
321,1396,2023-09-08,Unknown,6,2185.0,5020.5,US,Eve,0.0,Late Payment
322,1397,2023-07-27,Laptop,10,2435.6,2625.2,EU,Alice,0.0,Repeat Customer
323,1398,2023-06-06,Camera,8,1240.4,7138.5,EU,Eve,0.0,Repeat Customer
324,1402,2000-01-01,Tablet,5,1458.8,4691.0,US,Alice,0.0,No Notes
325,1403,2023-07-11,Mouse,10,1239.0,541.7,EU,Doris,0.0,Late Payment
326,1404,2023-08-14,Printer,7,290.1,1183.03,LATAM,Eve,0.05,No Notes
327,1405,2023-10-22,Camera,10,1458.7,3752.88,EU,Eve,0.2,No Notes
328,1406,2023-02-27,Phone,7,1140.6,3135.95,Unknown,Frank,0.05,Repeat Customer
329,1407,2023-11-10,Camera,8,645.4,4105.9,US,Alice,0.05,No Notes
330,1411,2000-01-01,Unknown,7,895.1,4435.3,Unknown,Charlie,0.0,Urgent
331,1412,2000-01-01,Unknown,5,2296.1,1843.18,EU,Bob,0.13,Urgent
332,1414,2023-01-07,Printer,10,1568.9,4124.76,APAC,Bob,0.13,Repeat Customer
333,1415,2000-01-01,Laptop,10,1204.0,518.7,US,Alice,0.0,No Notes
334,1416,2000-01-01,Printer,8,587.4,4295.7,US,Eve,0.0,No Notes
335,1417,2000-01-01,Laptop,7,1204.0,2328.7,US,Bob,0.0,No Notes
336,1418,2000-01-01,Tablet,10,871.1,1299.7,APAC,Bob,0.0,No Notes
337,1419,2023-01-13,Keyboard,10,445.0,3427.19,Unknown,Bob,0.19,No Notes
338,1420,2023-05-11,Camera,10,2135.0,3548.51,Unknown,Bob,0.29,No Notes
339,1420,2023-02-21,Mouse,8,1239.0,6961.79,APAC,Frank,0.05,Urgent
340,1423,2023-01-13,Laptop,10,1927.7,4903.8,Unknown,Charlie,0.0,Urgent
341,1425,2023-01-13,Unknown,10,1458.7,4691.1,APAC,Unknown,0.0,Repeat Customer
342,1426,2023-06-17,Laptop,8,1204.0,9869.7,EU,Frank,0.0,Urgent
343,1426,2023-11-04,Printer,10,2472.6,4893.54,APAC,Alice,0.05,Urgent
344,1428,2000-01-01,Phone,6,2072.8,4254.6,Unknown,Doris,0.0,No Notes
345,1430,2023-12-17,Monitor,8,1203.0,9217.8,Unknown,Bob,0.0,Urgent
346,1431,2023-01-13,Keyboard,8,1458.8,4691.0,EU,Doris,0.0,Urgent
347,1434,2023-12-10,Unknown,9,489.1,3613.44,LATAM,Bob,0.15,Urgent
348,1435,2023-05-01,Monitor,7,1203.0,3822.8,Unknown,Alice,0.05,No Notes
349,1435,2023-09-11,Phone,10,720.5,4356.1,APAC,Alice,0.0,Repeat Customer
350,1435,2023-01-13,Tablet,7,652.3,528.3,LATAM,Bob,0.0,Urgent
351,1438,2023-06-15,Printer,7,1587.5,4511.93,US,Doris,0.05,Late Payment
352,1439,2023-11-28,Tablet,10,1458.7,4691.1,Unknown,Alice,0.0,No Notes
353,1440,2023-01-13,Unknown,6,2107.7,4736.13,EU,Alice,0.05,Late Payment
354,1442,2023-12-01,Unknown,8,33.8,3397.38,Unknown,Alice,0.16,No Notes
355,1442,2023-01-13,Headphones,7,973.0,4470.6,LATAM,Bob,0.0,Late Payment
356,1445,2023-03-16,Unknown,10,172.8,4107.6,LATAM,Unknown,0.0,Repeat Customer
357,1446,2023-01-13,Unknown,8,14.9,4035.9,Unknown,Alice,0.0,No Notes
358,1448,2023-04-06,Unknown,2,2102.6,8406.7,US,Bob,0.0,Urgent
359,1449,2000-01-01,Phone,8,223.0,4130.3,US,Charlie,0.0,Urgent
360,1451,2000-01-01,Camera,10,278.9,5932.9,APAC,Unknown,0.0,No Notes
361,1453,2023-11-19,Laptop,4,496.6,6409.1,US,Frank,0.0,No Notes
362,1454,2023-01-13,Unknown,8,828.3,4716.18,LATAM,Doris,0.05,Repeat Customer
363,1455,2023-07-24,Headphones,3,913.4,5551.4,EU,Bob,0.0,Urgent
364,1456,2023-03-10,Keyboard,8,622.4,4096.02,US,Alice,0.05,No Notes
365,1457,2000-01-01,Monitor,8,1203.0,8345.84,US,Charlie,0.05,Repeat Customer
366,1458,2000-01-01,Unknown,4,1458.8,4691.0,LATAM,Alice,0.0,Repeat Customer
367,1459,2023-10-16,Printer,10,1458.7,4691.1,APAC,Frank,0.0,No Notes
368,1460,2023-10-13,Monitor,10,593.6,3954.62,APAC,Frank,0.08,Repeat Customer
369,1462,2023-01-13,Phone,5,1966.8,4675.42,EU,Unknown,0.05,Late Payment
370,1463,2023-01-13,Monitor,10,1203.0,4575.0,EU,Frank,0.0,No Notes
371,1464,2023-11-16,Headphones,10,532.6,3843.81,Unknown,Bob,0.1,Late Payment
372,1465,2023-07-23,Printer,8,1448.0,4686.2,EU,Bob,0.0,Late Payment
373,1466,2023-01-13,Mouse,10,90.2,4070.1,Unknown,Alice,0.0,Urgent
374,1467,2000-01-01,Unknown,5,1690.5,4508.33,Unknown,Alice,0.06,No Notes
375,1468,2023-04-10,Printer,1,3917.1,3407.88,APAC,Unknown,0.13,No Notes
376,1469,2023-01-13,Headphones,10,2348.5,4840.06,Unknown,Eve,0.05,No Notes
377,1470,2023-01-13,Unknown,7,1162.1,4328.58,US,Eve,0.05,No Notes
378,1471,2000-01-01,Unknown,3,2364.8,8059.51,EU,Unknown,0.09,Repeat Customer
379,1472,2023-01-13,Phone,8,420.4,4219.9,EU,Bob,0.0,No Notes
380,1473,2023-07-28,Laptop,5,1204.0,4852.7,US,Unknown,0.0,Repeat Customer
381,1474,2023-05-27,Unknown,10,1458.7,4691.1,EU,Eve,0.0,Repeat Customer
382,1475,2000-01-01,Laptop,9,982.6,5986.1,Unknown,Doris,0.0,Repeat Customer
383,1476,2023-01-13,Monitor,10,250.5,7242.9,Unknown,Unknown,0.0,Late Payment
384,1477,2000-01-01,Headphones,10,897.9,4436.6,US,Alice,0.0,Repeat Customer
385,1478,2023-05-21,Phone,7,760.8,4374.4,APAC,Eve,0.0,No Notes
386,1479,2023-01-13,Unknown,8,1458.8,3846.62,LATAM,Unknown,0.18,Repeat Customer
387,1479,2000-01-01,Monitor,10,1203.0,4575.0,LATAM,Alice,0.0,Late Payment
388,1481,2000-01-01,Unknown,5,1458.8,4456.45,EU,Doris,0.05,No Notes
389,1482,2023-09-11,Phone,8,139.8,8914.23,US,Charlie,0.05,Repeat Customer
390,1485,2000-01-01,Printer,1,728.7,692.26,Unknown,Doris,0.05,Urgent
391,1487,2023-01-13,Mouse,7,1591.1,4751.1,LATAM,Doris,0.0,Urgent
392,1488,2000-01-01,Unknown,6,1450.1,105.23,Unknown,Alice,0.21,No Notes
393,1489,2023-01-13,Keyboard,7,1469.3,4461.01,US,Charlie,0.05,No Notes
394,1491,2023-04-27,Monitor,10,1203.0,4483.5,US,Charlie,0.02,No Notes
395,1492,2023-10-01,Printer,8,33.7,5591.54,US,Doris,0.16,No Notes
396,1494,2023-12-13,Unknown,7,1881.1,4638.47,Unknown,Unknown,0.05,Urgent
397,1495,2023-06-01,Mouse,10,1520.8,4483.24,US,Alice,0.05,Repeat Customer
398,1496,2023-10-26,Tablet,8,1458.8,4456.45,US,Bob,0.05,Repeat Customer
399,1497,2000-01-01,Laptop,6,1918.1,4899.4,Unknown,Bob,0.0,Urgent
400,1499,2023-10-24,Phone,7,1253.0,5484.73,EU,Alice,0.05,No Notes
401,1500,2023-11-12,Camera,10,1458.7,4456.54,LATAM,Bob,0.05,No Notes
402,1502,2023-12-27,Monitor,10,1203.0,4575.0,APAC,Alice,0.0,No Notes
403,1504,2023-03-10,Monitor,4,911.9,6447.08,Unknown,Alice,0.05,Urgent
404,1505,2023-01-13,Unknown,10,1571.2,4505.0,Unknown,Eve,0.05,No Notes
405,1506,2000-01-01,Keyboard,8,38.9,4046.8,LATAM,Alice,0.0,Late Payment
406,1507,2000-01-01,Printer,7,1432.8,3556.27,APAC,Alice,0.24,No Notes
407,1508,2000-01-01,Phone,9,1886.2,4885.0,APAC,Alice,0.0,Urgent
408,1508,2023-10-07,Camera,5,1458.8,3330.61,APAC,Alice,0.29,Repeat Customer
409,1510,2023-04-28,Unknown,10,1458.7,4456.54,EU,Alice,0.05,No Notes
410,1512,2023-12-14,Camera,4,680.8,4338.0,APAC,Alice,0.0,No Notes
411,1515,2000-01-01,Printer,10,1719.8,6579.0,Unknown,Eve,0.0,Repeat Customer
412,1516,2000-01-01,Mouse,7,1075.1,2355.28,EU,Alice,0.23,Urgent
413,1517,2000-01-01,Camera,10,2485.6,5773.82,LATAM,Charlie,0.05,No Notes
414,1519,2023-07-16,Mouse,6,2286.0,5066.3,EU,Eve,0.0,Repeat Customer
415,1520,2000-01-01,Unknown,8,1164.1,2840.98,EU,Frank,0.05,No Notes
416,1521,2023-02-14,Camera,10,1032.7,4497.8,EU,Doris,0.0,Late Payment
417,1522,2023-03-18,Printer,10,358.3,3940.29,LATAM,Bob,0.06,Repeat Customer
418,1523,2023-03-02,Printer,5,1379.8,4515.54,Unknown,Charlie,0.03,Urgent
419,1525,2023-09-06,Keyboard,8,504.0,4045.0,APAC,Doris,0.05,Repeat Customer
420,1526,2023-04-09,Headphones,10,1458.7,4691.1,LATAM,Doris,0.0,Urgent
421,1527,2023-01-13,Mouse,6,1781.8,1825.7,EU,Frank,0.0,Late Payment
422,1528,2000-01-01,Mouse,7,1675.7,4549.93,US,Unknown,0.05,Late Payment
423,1529,2023-07-03,Laptop,10,490.4,4039.12,US,Eve,0.05,No Notes
424,1530,2023-12-26,Headphones,8,1458.8,4409.54,Unknown,Eve,0.06,Repeat Customer
425,1532,2000-01-01,Camera,1,5526.0,5526.0,LATAM,Alice,0.0,Urgent
426,1533,2023-01-09,Monitor,9,1203.0,4575.0,EU,Charlie,0.0,Late Payment
427,1534,2023-06-01,Keyboard,6,2429.3,4874.83,Unknown,Eve,0.05,No Notes
428,1535,2000-01-01,Tablet,10,1090.4,8571.56,Unknown,Charlie,0.05,Repeat Customer
429,1536,2023-12-06,Keyboard,10,1721.5,703.8,Unknown,Doris,0.0,Urgent
430,1537,2023-03-24,Headphones,7,284.0,957.96,EU,Charlie,0.28,Urgent
431,1538,2023-02-18,Monitor,6,2232.0,5041.9,APAC,Doris,0.0,No Notes
432,1539,2023-01-04,Camera,10,568.5,4277.1,US,Eve,0.0,Urgent
433,1540,2023-01-13,Phone,8,304.7,4167.4,APAC,Charlie,0.0,No Notes
434,1542,2023-07-15,Phone,6,2399.4,3237.3,APAC,Alice,0.0,No Notes
435,1543,2023-01-13,Tablet,1,5329.4,5329.4,Unknown,Bob,0.0,No Notes
436,1544,2023-12-26,Monitor,6,1203.0,5588.2,US,Alice,0.0,Repeat Customer
437,1545,2000-01-01,Monitor,10,353.1,3705.18,Unknown,Frank,0.02,No Notes
438,1546,2023-01-06,Mouse,3,1239.0,1505.7,Unknown,Charlie,0.0,No Notes
439,1547,2023-06-15,Keyboard,10,1609.7,5037.9,Unknown,Alice,0.0,No Notes
440,1548,2023-05-17,Headphones,7,1308.5,4068.15,EU,Doris,0.12,No Notes
441,1549,2023-07-13,Laptop,8,494.9,3913.4,EU,Doris,0.08,Urgent
442,1550,2023-04-10,Unknown,10,680.2,4337.8,EU,Alice,0.0,Urgent
443,1551,2023-01-13,Headphones,10,1458.7,4456.54,US,Unknown,0.05,Urgent
444,1552,2023-01-13,Tablet,7,1568.6,4740.9,APAC,Charlie,0.0,No Notes
445,1553,2000-01-01,Laptop,10,530.0,4056.21,Unknown,Bob,0.05,Late Payment
446,1554,2023-01-13,Tablet,10,802.1,901.4,Unknown,Eve,0.0,No Notes
447,1555,2023-03-04,Mouse,7,1553.0,4733.8,US,Frank,0.0,No Notes
448,1556,2023-11-02,Monitor,9,1203.0,4575.0,US,Doris,0.0,Urgent
449,1557,2023-08-21,Phone,3,1253.0,4597.6,US,Frank,0.0,Repeat Customer
450,1558,2023-08-04,Camera,8,372.3,4198.1,EU,Frank,0.0,Repeat Customer
451,1559,2023-01-13,Keyboard,3,362.9,4193.7,Unknown,Alice,0.0,Repeat Customer
452,1560,2023-05-11,Monitor,7,1343.4,4406.76,US,Alice,0.05,Urgent
453,1562,2023-03-21,Laptop,10,1369.8,4269.51,US,Doris,0.29,Late Payment
454,1564,2023-01-13,Unknown,8,1758.2,9953.7,US,Alice,0.0,Urgent
455,1565,2000-01-01,Camera,10,2130.8,4996.0,Unknown,Bob,0.0,Urgent
456,1566,2000-01-01,Laptop,10,1204.0,4575.5,LATAM,Alice,0.0,Urgent
457,1566,2023-01-13,Mouse,6,2434.0,5133.5,EU,Alice,0.0,Repeat Customer
458,1568,2023-07-06,Phone,3,1253.0,8123.75,US,Doris,0.03,No Notes
459,1568,2023-10-05,Unknown,7,1458.8,4456.45,APAC,Doris,0.05,Late Payment
460,1570,2023-01-13,Unknown,8,216.6,3549.56,US,Bob,0.14,Urgent
461,1572,2023-01-13,Laptop,3,1204.0,4575.4,EU,Charlie,0.0,Urgent
462,1573,2023-09-01,Monitor,6,83.4,3863.65,APAC,Eve,0.05,Urgent
463,1574,2000-01-01,Headphones,8,632.7,4316.3,EU,Alice,0.0,Repeat Customer
464,1576,2023-01-13,Headphones,1,813.5,3583.9,LATAM,Frank,0.0,Urgent
465,1576,2023-06-23,Printer,1,2843.3,2359.94,LATAM,Bob,0.17,No Notes
466,1578,2023-01-13,Mouse,10,133.6,4089.8,US,Bob,0.0,No Notes
467,1579,2023-10-01,Printer,10,2105.7,3380.5,US,Bob,0.0,Late Payment
468,1580,2023-01-13,Printer,10,1458.7,3377.59,US,Frank,0.28,Urgent
469,1581,2000-01-01,Monitor,3,1203.0,4208.91,EU,Alice,0.08,Urgent
470,1581,2000-01-01,Keyboard,10,1458.7,4456.54,Unknown,Bob,0.05,No Notes
471,1583,2000-01-01,Monitor,7,1203.0,5589.6,LATAM,Bob,0.0,Urgent
472,1585,2023-10-15,Headphones,4,1458.8,4034.26,US,Charlie,0.14,Urgent
473,1586,2000-01-01,Unknown,7,886.4,3550.7,APAC,Alice,0.0,Urgent
474,1588,2023-05-19,Phone,9,1253.0,3728.94,LATAM,Eve,0.05,Repeat Customer
475,1589,2023-05-23,Phone,6,2132.9,4996.9,US,Charlie,0.0,Repeat Customer
476,1590,2023-11-16,Tablet,5,435.1,4226.5,EU,Bob,0.0,Urgent
477,1590,2023-05-22,Camera,10,1889.9,4886.7,US,Bob,0.0,No Notes
478,1593,2000-01-01,Mouse,4,492.7,4252.6,Unknown,Unknown,0.0,Late Payment
479,1596,2023-01-13,Keyboard,10,1785.9,9062.87,Unknown,Bob,0.09,No Notes
480,1597,2000-01-01,Headphones,7,1458.8,4456.45,US,Charlie,0.05,Late Payment
481,1601,2023-06-28,Monitor,10,2418.5,4152.46,APAC,Eve,0.19,No Notes
482,1602,2023-01-03,Unknown,2,625.5,4312.9,Unknown,Alice,0.0,No Notes
483,1603,2023-01-13,Unknown,8,1594.1,4514.88,LATAM,Charlie,0.05,No Notes
484,1605,2000-01-01,Laptop,10,1204.0,96.04,US,Unknown,0.05,Late Payment
485,1606,2023-02-17,Unknown,1,7154.7,5151.38,EU,Eve,0.28,No Notes
486,1607,2023-01-13,Tablet,7,1465.4,4553.18,APAC,Doris,0.03,No Notes
487,1608,2023-04-25,Phone,7,1892.0,3665.7,US,Alice,0.25,No Notes
488,1609,2023-01-27,Mouse,6,2472.3,4893.35,Unknown,Eve,0.05,No Notes
489,1610,2023-04-03,Monitor,10,1203.0,5687.3,US,Charlie,0.0,Repeat Customer
490,1611,2023-01-13,Mouse,10,1239.0,4591.4,US,Charlie,0.0,Urgent
491,1612,2023-01-13,Laptop,6,1204.0,654.36,EU,Bob,0.05,No Notes
492,1613,2023-09-10,Camera,6,2343.0,4582.98,EU,Doris,0.1,Repeat Customer
493,1614,2023-12-11,Monitor,8,2016.1,3465.0,Unknown,Bob,0.0,Repeat Customer
494,1615,2023-08-02,Unknown,5,1956.0,224.2,EU,Doris,0.0,Urgent
495,1616,2023-07-25,Headphones,10,1458.7,4362.72,Unknown,Alice,0.07,No Notes
496,1616,2023-07-24,Laptop,4,325.5,3967.96,US,Doris,0.05,No Notes
497,1618,2023-11-04,Keyboard,10,2201.3,8977.4,Unknown,Eve,0.0,Repeat Customer
498,1619,2023-05-11,Laptop,6,1204.0,754.02,LATAM,Eve,0.05,Urgent
499,1620,2000-01-01,Unknown,8,1458.8,4691.0,EU,Bob,0.0,No Notes
500,1620,2023-01-15,Monitor,10,1203.0,4575.0,EU,Frank,0.0,No Notes
501,1622,2000-01-01,Headphones,1,1458.9,4691.0,Unknown,Alice,0.0,Repeat Customer
502,1623,2023-08-24,Keyboard,5,1458.8,4691.0,EU,Eve,0.0,No Notes
503,1623,2023-01-13,Tablet,8,53.0,3972.14,LATAM,Alice,0.02,Late Payment
504,1625,2023-08-03,Keyboard,8,326.8,4052.08,EU,Doris,0.03,Repeat Customer
505,1626,2023-01-11,Laptop,7,1204.0,5409.0,LATAM,Frank,0.0,Urgent
506,1627,2023-01-13,Unknown,7,2190.9,5023.2,US,Frank,0.0,No Notes
507,1628,2023-01-13,Laptop,10,73.6,3615.71,US,Doris,0.11,Repeat Customer
508,1629,2000-01-01,Camera,2,1196.4,3176.2,EU,Doris,0.0,Repeat Customer
509,1630,2000-01-01,Headphones,6,1458.8,4456.45,LATAM,Bob,0.05,No Notes
510,1631,2023-07-08,Unknown,1,4216.0,4216.0,Unknown,Doris,0.0,Urgent
511,1632,2000-01-01,Phone,3,69.6,9899.4,Unknown,Alice,0.0,No Notes
512,1634,2023-01-13,Unknown,1,9448.2,8030.97,LATAM,Eve,0.15,No Notes
513,1635,2023-01-13,Mouse,6,1895.7,4889.3,LATAM,Alice,0.0,Urgent
514,1636,2000-01-01,Printer,10,728.3,4141.71,EU,Charlie,0.05,Urgent
515,1638,2023-02-09,Keyboard,7,1863.2,4874.5,APAC,Unknown,0.0,No Notes
516,1639,2023-02-23,Headphones,8,484.1,4248.8,EU,Doris,0.0,Repeat Customer
517,1640,2023-08-05,Printer,10,2190.9,39.9,Unknown,Unknown,0.05,Urgent
518,1642,2023-08-10,Keyboard,7,820.2,4181.23,US,Frank,0.05,No Notes
519,1644,2023-12-16,Mouse,8,561.1,4112.35,US,Frank,0.04,Urgent
520,1645,2023-01-13,Camera,2,911.6,4220.56,Unknown,Doris,0.05,Late Payment
521,1646,2023-04-18,Laptop,1,1258.7,4370.1,EU,Doris,0.05,Urgent
522,1647,2000-01-01,Tablet,5,1458.8,4691.0,APAC,Bob,0.0,Repeat Customer
523,1649,2000-01-01,Laptop,6,2379.1,5108.6,EU,Alice,0.0,Late Payment
524,1650,2023-06-10,Unknown,2,1674.9,5938.2,APAC,Alice,0.0,No Notes
525,1651,2000-01-01,Keyboard,7,1853.9,4626.78,Unknown,Alice,0.05,No Notes
526,1652,2023-11-11,Mouse,7,1290.9,4430.3,US,Alice,0.04,Repeat Customer
527,1654,2023-01-13,Unknown,10,1312.9,4624.9,US,Unknown,0.0,No Notes
528,1655,2023-03-24,Camera,8,763.7,639.01,EU,Doris,0.06,No Notes
529,1656,2023-08-20,Phone,10,45.2,4049.7,EU,Frank,0.0,Late Payment
530,1657,2023-02-07,Phone,7,1413.5,4670.5,Unknown,Frank,0.0,No Notes
531,1658,2023-01-06,Monitor,10,366.9,3240.2,APAC,Unknown,0.0,No Notes
532,1661,2023-01-13,Camera,4,1458.8,4691.0,EU,Eve,0.0,No Notes
533,1663,2023-03-03,Printer,7,1364.8,4648.4,EU,Frank,0.0,Repeat Customer
534,1664,2023-10-24,Unknown,6,2095.9,4980.1,APAC,Eve,0.0,Urgent
535,1666,2023-03-11,Tablet,10,1156.3,4553.8,LATAM,Charlie,0.0,Late Payment
536,1667,2023-07-11,Monitor,10,1203.0,4575.0,US,Frank,0.0,Repeat Customer
537,1667,2023-09-05,Headphones,1,916.7,788.36,EU,Doris,0.14,Urgent
538,1669,2000-01-01,Unknown,7,1413.8,3230.5,US,Alice,0.0,Late Payment
539,1670,2023-05-12,Printer,10,1458.7,4456.54,Unknown,Alice,0.05,Late Payment
540,1671,2000-01-01,Keyboard,10,1910.3,4651.2,Unknown,Alice,0.05,Late Payment
541,1672,2023-10-07,Tablet,6,780.1,4163.94,Unknown,Charlie,0.05,Repeat Customer
542,1673,2023-03-03,Monitor,7,1203.0,59.4,US,Bob,0.0,Repeat Customer
543,1674,2023-08-27,Phone,10,1253.0,4597.7,Unknown,Alice,0.0,No Notes
544,1681,2023-01-13,Printer,10,1458.7,4503.46,US,Alice,0.04,No Notes
545,1682,2023-01-13,Headphones,7,468.0,4241.5,US,Doris,0.0,No Notes
546,1683,2023-01-13,Unknown,10,1098.0,4527.4,EU,Alice,0.0,Late Payment
547,1683,2023-07-26,Keyboard,1,980.5,980.5,EU,Frank,0.0,No Notes
548,1686,2000-01-01,Laptop,10,1204.0,4575.5,US,Eve,0.0,No Notes
549,1690,2023-08-21,Headphones,6,2435.9,6192.6,US,Alice,0.0,No Notes
550,1691,2023-10-21,Mouse,6,2160.0,4758.74,LATAM,Charlie,0.05,Late Payment
551,1692,2000-01-01,Printer,1,5007.2,4656.7,US,Charlie,0.07,Urgent
552,1693,2000-01-01,Headphones,6,2394.4,4399.33,EU,Bob,0.14,Late Payment
553,1695,2023-01-13,Unknown,7,1234.0,4589.1,EU,Bob,0.0,Late Payment
554,1696,2023-03-25,Camera,5,1458.8,4691.0,APAC,Eve,0.0,Late Payment
555,1697,2023-01-13,Headphones,10,904.4,1492.2,EU,Frank,0.0,No Notes
556,1698,2023-01-13,Camera,7,1218.3,3344.79,APAC,Bob,0.27,Urgent
557,1699,2023-01-13,Unknown,10,897.7,3948.48,LATAM,Doris,0.11,No Notes
558,1700,2023-06-17,Laptop,10,1995.2,4934.5,LATAM,Doris,0.0,Repeat Customer
559,1700,2023-10-09,Monitor,10,161.6,3979.42,Unknown,Bob,0.03,Late Payment
560,1702,2000-01-01,Phone,10,1253.0,3006.6,Unknown,Bob,0.0,Repeat Customer
561,1704,2000-01-01,Phone,7,1253.0,3970.32,US,Alice,0.2,No Notes
562,1705,2023-03-27,Phone,10,1253.0,4367.81,LATAM,Charlie,0.05,No Notes
563,1707,2023-07-19,Headphones,1,7672.8,7672.8,LATAM,Doris,0.0,Late Payment
564,1708,2023-01-13,Camera,10,2129.9,8565.5,US,Doris,0.0,No Notes
565,1710,2023-03-27,Unknown,10,1458.7,4691.1,EU,Unknown,0.0,Urgent
566,1711,2023-01-13,Mouse,10,1239.0,2975.29,EU,Eve,0.18,Repeat Customer
567,1712,2023-07-14,Camera,8,50.3,3363.16,Unknown,Eve,0.17,Urgent
568,1713,2023-09-04,Camera,7,1529.0,4486.75,EU,Bob,0.05,Late Payment
569,1714,2000-01-01,Laptop,8,25.8,3838.86,Unknown,Charlie,0.05,No Notes
570,1715,2023-11-15,Unknown,10,961.9,1532.16,EU,Charlie,0.16,Late Payment
571,1716,2000-01-01,Unknown,2,2423.4,1637.2,US,Bob,0.0,Late Payment
572,1718,2023-01-13,Printer,5,1458.8,4691.0,US,Frank,0.0,Urgent
573,1719,2023-11-10,Unknown,1,463.2,440.04,APAC,Alice,0.05,Repeat Customer
574,1720,2023-01-13,Mouse,8,1053.9,6929.06,APAC,Frank,0.26,Repeat Customer
575,1720,2023-01-13,Keyboard,9,80.9,8889.3,APAC,Alice,0.0,No Notes
576,1723,2023-01-13,Unknown,6,2079.4,4624.52,APAC,Charlie,0.07,Urgent
577,1724,2023-04-04,Keyboard,1,7601.3,7221.24,US,Alice,0.05,No Notes
578,1725,2023-01-24,Monitor,3,94.9,4072.1,EU,Bob,0.0,Repeat Customer
579,1726,2000-01-01,Unknown,1,3379.2,3379.2,EU,Frank,0.0,No Notes
580,1727,2023-01-13,Phone,6,2412.2,5123.6,US,Bob,0.0,Repeat Customer
581,1728,2023-05-15,Camera,6,2215.2,5034.2,LATAM,Alice,0.0,No Notes
582,1729,2023-03-19,Camera,10,2493.0,3563.45,APAC,Doris,0.05,No Notes
583,1731,2023-05-22,Unknown,10,1031.8,4814.5,LATAM,Alice,0.0,No Notes
584,1732,2023-02-12,Keyboard,6,1851.7,2066.2,EU,Frank,0.0,No Notes
585,1734,2000-01-01,Unknown,6,1898.6,4890.6,US,Doris,0.0,No Notes
586,1735,2023-01-13,Keyboard,1,840.1,798.1,Unknown,Doris,0.05,No Notes
587,1736,2000-01-01,Camera,1,430.6,409.07,US,Bob,0.05,Late Payment
588,1738,2023-06-04,Printer,7,866.7,2773.6,US,Bob,0.0,Repeat Customer
589,1739,2000-01-01,Mouse,7,841.1,4410.8,US,Bob,0.0,No Notes
590,1740,2023-01-13,Printer,6,2240.5,5045.7,EU,Bob,0.0,No Notes
591,1741,2023-09-25,Headphones,10,2122.7,8097.42,US,Unknown,0.05,No Notes
592,1742,2023-12-27,Mouse,8,622.3,4095.92,EU,Bob,0.05,Repeat Customer
593,1743,2023-04-26,Laptop,10,1204.0,4575.5,LATAM,Alice,0.0,No Notes
594,1744,2023-01-13,Keyboard,6,2314.5,4825.34,US,Charlie,0.05,No Notes
595,1745,2000-01-01,Camera,6,1458.8,4315.72,LATAM,Bob,0.08,No Notes
596,1748,2023-01-23,Phone,10,1828.6,4858.9,APAC,Charlie,0.0,Urgent
597,1749,2000-01-01,Headphones,8,354.9,2962.86,Unknown,Eve,0.05,Late Payment
598,1750,2023-04-12,Mouse,8,1314.4,9329.28,US,Bob,0.05,Urgent
599,1751,2023-01-13,Phone,10,1250.5,9758.0,APAC,Frank,0.0,Repeat Customer
600,1752,2023-08-01,Keyboard,5,459.2,4237.5,LATAM,Charlie,0.0,No Notes
601,1753,2023-09-27,Unknown,9,920.6,4402.43,LATAM,Alice,0.01,No Notes
602,1755,2000-01-01,Phone,8,1253.0,3540.23,Unknown,Eve,0.23,No Notes
603,1756,2023-10-10,Unknown,6,1458.8,4456.45,EU,Alice,0.05,No Notes
604,1757,2000-01-01,Tablet,8,517.0,4050.51,EU,Alice,0.05,Urgent
605,1758,2023-06-22,Headphones,6,1010.9,1425.3,EU,Alice,0.0,Repeat Customer
606,1759,2023-11-24,Headphones,1,2541.7,2541.7,Unknown,Alice,0.0,Repeat Customer
607,1760,2023-04-03,Tablet,8,1458.8,4691.0,Unknown,Eve,0.0,No Notes
608,1761,2023-02-13,Camera,10,1476.4,4553.73,LATAM,Alice,0.05,Urgent
609,1762,2023-01-13,Printer,8,112.2,3876.1,US,Alice,0.05,Late Payment
610,1763,2023-08-12,Unknown,7,956.3,4463.1,LATAM,Frank,0.0,Urgent
611,1764,2023-01-13,Camera,10,1372.3,4651.9,EU,Charlie,0.0,Late Payment
612,1764,2000-01-01,Laptop,10,2036.1,4953.0,EU,Unknown,0.0,No Notes
613,1766,2000-01-01,Monitor,7,1203.0,4556.68,Unknown,Unknown,0.05,Repeat Customer
614,1769,2023-01-13,Printer,1,1421.9,1421.9,Unknown,Eve,0.0,Urgent
615,1770,2000-01-01,Camera,10,69.4,3857.66,APAC,Eve,0.05,No Notes
616,1771,2000-01-01,Monitor,8,797.4,6765.1,US,Alice,0.0,Late Payment
617,1772,2023-12-07,Monitor,5,1203.0,4346.16,APAC,Eve,0.05,Repeat Customer
618,1773,2023-07-20,Camera,8,710.3,4220.86,APAC,Bob,0.03,Repeat Customer
619,1774,2023-08-13,Unknown,7,1466.4,4694.5,US,Frank,0.0,Urgent
620,1775,2023-07-22,Phone,8,738.0,4364.0,EU,Alice,0.0,Late Payment
621,1776,2023-01-13,Tablet,10,1458.7,4221.99,Unknown,Bob,0.1,Repeat Customer
622,1777,2023-10-01,Keyboard,10,2262.3,5055.7,Unknown,Frank,0.0,No Notes
623,1778,2023-05-24,Printer,8,217.4,3137.13,US,Alice,0.24,Repeat Customer
624,1779,2023-10-05,Phone,2,1253.0,4597.6,US,Charlie,0.0,Late Payment
625,1780,2023-01-04,Monitor,10,238.3,4096.03,LATAM,Doris,0.01,No Notes
626,1781,2000-01-01,Unknown,8,727.3,4141.24,EU,Bob,0.05,Late Payment
627,1782,2023-09-19,Phone,10,1893.2,4888.2,EU,Alice,0.0,Repeat Customer
628,1783,2023-06-24,Unknown,7,1888.2,4885.9,EU,Alice,0.0,Urgent
629,1784,2023-01-13,Unknown,10,1458.7,4691.1,Unknown,Frank,0.0,Late Payment
630,1786,2023-07-11,Headphones,6,2045.3,1518.9,LATAM,Bob,0.0,Repeat Customer
631,1787,2023-07-16,Keyboard,1,4334.2,3857.44,Unknown,Alice,0.11,Urgent
632,1788,2023-05-20,Monitor,6,2011.0,4941.6,APAC,Frank,0.0,No Notes
633,1790,2023-12-11,Tablet,10,1527.4,4013.87,EU,Frank,0.15,No Notes
634,1791,2000-01-01,Printer,7,980.0,3355.35,APAC,Frank,0.25,No Notes
635,1793,2023-01-13,Monitor,7,1203.0,2617.3,EU,Alice,0.0,Urgent
636,1795,2000-01-01,Mouse,6,2081.2,4724.73,US,Alice,0.05,Late Payment
637,1796,2023-01-17,Printer,2,264.6,9401.8,US,Frank,0.0,Urgent
638,1797,2023-02-16,Camera,7,1739.5,4818.4,APAC,Bob,0.0,Repeat Customer
639,1798,2023-11-22,Unknown,9,555.3,9500.2,US,Frank,0.0,Urgent
640,1799,2000-01-01,Camera,2,99.6,5831.6,US,Bob,0.0,No Notes
641,1800,2023-03-13,Unknown,1,1607.0,1607.0,EU,Frank,0.0,No Notes
642,1801,2000-01-01,Monitor,3,2013.5,4942.7,EU,Doris,0.0,Late Payment
643,1802,2023-01-13,Monitor,9,548.9,8605.0,Unknown,Alice,0.0,No Notes
644,1803,2023-01-13,Unknown,4,1544.8,6196.6,EU,Alice,0.0,No Notes
645,1804,2023-04-12,Headphones,6,1981.3,7321.36,EU,Charlie,0.05,Urgent
646,1805,2000-01-01,Tablet,1,1458.9,4456.45,Unknown,Bob,0.05,Repeat Customer
647,1806,2000-01-01,Headphones,8,445.8,4231.4,EU,Bob,0.0,Urgent
648,1807,2023-04-08,Unknown,7,1760.3,4827.9,EU,Eve,0.0,No Notes
649,1808,2023-01-13,Camera,10,1458.7,4691.1,US,Bob,0.0,Repeat Customer
650,1810,2023-03-24,Monitor,7,2060.4,4715.8,EU,Eve,0.05,Repeat Customer
651,1811,2023-01-13,Camera,1,6881.1,6537.04,LATAM,Bob,0.05,Urgent
652,1812,2023-08-04,Phone,10,764.1,5424.2,LATAM,Alice,0.0,Urgent
653,1814,2023-01-13,Mouse,8,1239.0,7531.6,Unknown,Frank,0.0,Urgent
654,1815,2023-01-13,Camera,2,621.0,4310.8,US,Doris,0.0,Urgent
655,1816,2023-08-23,Unknown,7,35.6,4045.3,US,Unknown,0.0,No Notes
656,1817,2023-01-13,Unknown,7,1134.8,4316.8,US,Alice,0.05,Urgent
657,1820,2023-09-08,Tablet,10,1458.7,3893.61,US,Charlie,0.17,No Notes
658,1820,2000-01-01,Laptop,6,1204.0,5566.9,EU,Charlie,0.05,No Notes
659,1822,2000-01-01,Monitor,10,975.8,1263.94,APAC,Bob,0.14,No Notes
660,1823,2023-01-13,Monitor,8,1203.0,7418.08,LATAM,Frank,0.05,Repeat Customer
661,1824,2023-11-21,Monitor,7,1247.9,3538.38,US,Charlie,0.23,Late Payment
662,1826,2023-01-13,Keyboard,10,2265.5,5057.1,EU,Doris,0.0,Late Payment
663,1827,2023-04-22,Keyboard,7,1386.7,4658.3,APAC,Bob,0.0,Repeat Customer
664,1828,2000-01-01,Mouse,7,1239.0,5378.7,EU,Bob,0.0,No Notes
665,1830,2023-03-04,Phone,5,1375.7,4606.77,Unknown,Doris,0.01,Urgent
666,1831,2000-01-01,Monitor,10,1203.0,4575.0,LATAM,Charlie,0.0,Repeat Customer
667,1832,2023-07-07,Tablet,9,320.2,8032.63,LATAM,Bob,0.05,Repeat Customer
668,1833,2000-01-01,Unknown,7,1121.0,4537.8,Unknown,Charlie,0.0,No Notes
669,1835,2000-01-01,Tablet,10,1458.7,4691.1,LATAM,Alice,0.0,Urgent
670,1836,2023-10-08,Printer,7,1433.4,4679.5,Unknown,Alice,0.0,Late Payment
671,1837,2023-03-16,Monitor,10,1203.0,474.62,US,Charlie,0.03,Late Payment
672,1838,2023-05-05,Headphones,10,580.4,2325.8,EU,Charlie,0.0,No Notes
673,1839,2023-04-01,Phone,6,2045.0,4709.15,US,Charlie,0.05,Repeat Customer
674,1840,2023-06-28,Camera,9,917.5,1567.5,LATAM,Frank,0.0,No Notes
675,1841,2023-12-04,Tablet,10,177.0,4109.5,Unknown,Alice,0.0,No Notes
676,1842,2000-01-01,Keyboard,7,2146.2,6037.72,US,Frank,0.25,No Notes
677,1843,2023-07-13,Mouse,10,546.8,4063.44,APAC,Eve,0.05,Urgent
678,1844,2000-01-01,Printer,10,1163.6,2461.2,US,Eve,0.0,No Notes
679,1846,2023-01-13,Laptop,10,1204.0,4575.5,Unknown,Frank,0.0,Late Payment
680,1847,2000-01-01,Headphones,9,1669.1,9986.5,Unknown,Frank,0.0,Late Payment
681,1848,2023-01-13,Headphones,4,40.2,3844.94,LATAM,Alice,0.05,No Notes
682,1849,2023-02-01,Laptop,8,555.6,4281.2,US,Bob,0.0,No Notes
683,1850,2023-01-13,Unknown,10,2043.0,8063.8,LATAM,Alice,0.0,Late Payment
684,1851,2023-05-16,Unknown,9,378.4,6165.87,LATAM,Bob,0.27,No Notes
685,1852,2023-01-13,Keyboard,10,414.5,7364.3,Unknown,Alice,0.05,No Notes
686,1853,2023-01-13,Monitor,7,996.9,3856.14,EU,Doris,0.05,Late Payment
687,1854,2023-06-19,Phone,2,383.6,3992.94,APAC,Alice,0.05,Urgent
688,1855,2023-01-13,Unknown,10,1458.7,4456.54,US,Alice,0.05,Repeat Customer
689,1856,2023-01-13,Unknown,9,2081.2,4724.82,APAC,Unknown,0.05,Late Payment
690,1856,2000-01-01,Printer,1,4185.5,4185.5,EU,Frank,0.0,Repeat Customer
691,1859,2023-01-13,Monitor,8,1203.0,669.9,EU,Alice,0.0,No Notes
692,1860,2000-01-01,Tablet,5,2395.6,84.3,EU,Alice,0.0,Repeat Customer
693,1860,2000-01-01,Keyboard,10,1458.7,4691.1,US,Frank,0.0,No Notes
694,1862,2023-01-13,Camera,10,1093.0,4525.1,EU,Unknown,0.0,Urgent
695,1863,2023-01-14,Printer,7,1525.8,4343.69,LATAM,Bob,0.08,Repeat Customer
696,1864,2023-10-09,Camera,4,2055.6,4961.7,EU,Bob,0.0,No Notes
697,1865,2023-01-13,Unknown,1,7799.0,7409.05,Unknown,Unknown,0.05,No Notes
698,1867,2023-01-13,Camera,9,199.8,8531.8,LATAM,Bob,0.0,Repeat Customer
699,1868,2000-01-01,Camera,6,1673.3,3390.55,US,Charlie,0.05,No Notes
700,1869,2023-12-01,Tablet,6,2039.9,4954.7,US,Alice,0.0,No Notes
701,1870,2023-07-26,Tablet,6,1935.9,4907.5,LATAM,Bob,0.0,No Notes
702,1874,2023-02-28,Mouse,2,1239.0,8885.2,LATAM,Bob,0.0,Late Payment
703,1875,2023-01-13,Camera,5,2239.4,4641.58,US,Frank,0.08,Repeat Customer
704,1876,2023-10-01,Printer,7,668.1,671.73,APAC,Bob,0.19,No Notes
705,1877,2023-12-06,Headphones,7,1827.3,4931.6,EU,Alice,0.0,Repeat Customer
706,1878,2000-01-01,Unknown,8,630.1,4315.1,Unknown,Alice,0.0,No Notes
707,1879,2023-10-05,Unknown,10,2418.3,2200.39,EU,Bob,0.05,Repeat Customer
708,1880,2023-11-01,Phone,8,523.8,4266.8,US,Frank,0.0,No Notes
709,1881,2023-11-15,Unknown,10,478.1,4246.1,Unknown,Alice,0.0,No Notes
710,1882,2023-01-13,Monitor,7,1203.0,1778.8,Unknown,Unknown,0.0,Late Payment
711,1883,2023-01-13,Printer,7,559.2,172.24,Unknown,Alice,0.05,Urgent
712,1884,2023-06-17,Keyboard,7,1868.5,4633.05,EU,Doris,0.05,No Notes
713,1885,2000-01-01,Unknown,6,1458.8,4691.0,EU,Eve,0.0,No Notes
714,1886,2023-08-13,Monitor,6,898.6,3150.2,LATAM,Alice,0.29,Urgent
715,1887,2023-01-14,Printer,7,1891.2,6396.52,LATAM,Doris,0.11,Late Payment
716,1887,2000-01-01,Monitor,6,2309.7,5077.1,LATAM,Alice,0.0,No Notes
717,1889,2023-08-01,Headphones,6,1458.8,4456.45,US,Frank,0.05,Urgent
718,1890,2023-01-13,Monitor,10,122.6,1789.61,LATAM,Charlie,0.09,No Notes
719,1891,2023-12-04,Mouse,8,167.5,4505.47,APAC,Frank,0.05,No Notes
720,1892,2000-01-01,Phone,10,1253.0,8865.0,LATAM,Bob,0.0,Late Payment
721,1893,2023-01-24,Headphones,7,1933.7,8136.1,APAC,Alice,0.07,No Notes
722,1894,2023-12-23,Laptop,10,587.2,2026.42,US,Doris,0.16,Late Payment
723,1895,2023-06-09,Tablet,7,2096.4,8030.7,US,Unknown,0.0,Urgent
724,1896,2023-01-13,Printer,7,2482.0,7274.24,EU,Alice,0.05,No Notes
725,1897,2000-01-01,Camera,6,1970.8,4923.3,US,Alice,0.0,Late Payment
726,1898,2000-01-01,Keyboard,8,1515.6,5019.1,US,Alice,0.0,No Notes
727,1900,2023-01-13,Keyboard,7,1826.7,6253.9,Unknown,Doris,0.0,No Notes
728,1901,2023-11-20,Tablet,2,676.8,3165.43,US,Unknown,0.27,Late Payment
729,1902,2000-01-01,Printer,10,951.4,4003.1,APAC,Bob,0.0,No Notes
730,1903,2023-01-13,Headphones,10,2199.8,5027.3,Unknown,Doris,0.0,Urgent
731,1904,2000-01-01,Tablet,6,1896.6,1780.3,US,Frank,0.05,Late Payment
732,1905,2000-01-01,Headphones,6,1982.3,4682.17,US,Frank,0.05,Late Payment
733,1906,2023-03-15,Unknown,6,1061.1,2395.8,LATAM,Frank,0.0,No Notes
734,1907,2023-12-13,Tablet,2,1896.2,6710.23,EU,Doris,0.07,Repeat Customer
735,1908,2023-06-21,Laptop,7,1204.0,4575.4,Unknown,Bob,0.0,No Notes
736,1909,2023-03-01,Laptop,1,1043.4,4502.4,EU,Doris,0.0,No Notes
737,1910,2023-08-09,Headphones,10,879.4,1105.28,US,Eve,0.18,No Notes
738,1911,2023-01-13,Monitor,7,1329.4,4400.69,LATAM,Charlie,0.05,Repeat Customer
739,1912,2000-01-01,Keyboard,7,1051.5,4506.2,EU,Charlie,0.0,Urgent
740,1913,2023-06-25,Printer,7,1094.1,4522.43,US,Charlie,0.13,Urgent
741,1914,2000-01-01,Headphones,10,1458.7,4456.54,US,Frank,0.05,Urgent
742,1915,2023-04-09,Headphones,10,1458.7,4691.1,APAC,Doris,0.0,Late Payment
743,1916,2023-01-04,Camera,10,601.2,3346.01,LATAM,Frank,0.18,Urgent
744,1917,2023-06-15,Unknown,6,2483.0,5155.7,APAC,Alice,0.0,Late Payment
745,1919,2023-10-08,Keyboard,8,1982.8,9056.73,US,Charlie,0.05,Late Payment
746,1920,2023-07-13,Headphones,10,1458.7,4456.54,Unknown,Alice,0.05,Repeat Customer
747,1921,2023-10-17,Mouse,6,2247.3,5048.8,EU,Eve,0.0,No Notes
748,1922,2000-01-01,Mouse,10,1910.1,4895.9,US,Unknown,0.0,Late Payment
749,1923,2000-01-01,Headphones,10,1636.8,5719.4,EU,Doris,0.0,No Notes
750,1924,2023-01-13,Unknown,1,419.0,4219.1,Unknown,Alice,0.0,Urgent
751,1925,2023-07-25,Phone,10,2037.6,488.7,Unknown,Unknown,0.0,Urgent
752,1926,2023-01-13,Laptop,6,2158.6,5008.6,Unknown,Charlie,0.0,Repeat Customer
753,1927,2000-01-01,Headphones,10,1417.9,4672.5,EU,Alice,0.0,Urgent
754,1929,2023-02-04,Laptop,7,1204.0,4346.63,US,Alice,0.05,No Notes
755,1931,2023-01-13,Unknown,10,814.3,4398.7,EU,Bob,0.0,Urgent
756,1932,2000-01-01,Printer,9,1802.6,6342.3,APAC,Bob,0.05,Urgent
757,1933,2023-10-18,Unknown,6,2434.5,5133.7,Unknown,Bob,0.0,Repeat Customer
758,1934,2023-09-04,Camera,1,9598.1,9598.1,Unknown,Unknown,0.0,No Notes
759,1935,2023-02-15,Headphones,10,1300.5,8172.28,US,Alice,0.05,Urgent
760,1936,2023-01-13,Mouse,3,1239.0,4591.2,Unknown,Bob,0.0,No Notes
761,1937,2023-02-17,Unknown,7,1424.0,4675.3,EU,Doris,0.0,No Notes
762,1939,2023-01-13,Mouse,6,2406.4,4864.95,US,Frank,0.05,No Notes
763,1940,2023-09-07,Laptop,8,694.5,4344.3,Unknown,Bob,0.0,No Notes
764,1941,2000-01-01,Tablet,7,1295.1,4385.96,US,Unknown,0.05,Repeat Customer
765,1942,2023-01-13,Headphones,7,1717.2,6733.4,EU,Unknown,0.0,Late Payment
766,1943,2000-01-01,Monitor,7,1532.4,4724.4,APAC,Unknown,0.0,No Notes
767,1944,2023-04-28,Mouse,10,1239.0,4591.4,Unknown,Charlie,0.0,No Notes
768,1945,2023-10-13,Monitor,8,264.5,4149.2,US,Frank,0.0,No Notes
769,1946,2023-07-28,Unknown,1,2249.8,1664.85,EU,Bob,0.26,Urgent
770,1947,2023-01-06,Camera,10,1458.7,4268.9,US,Frank,0.09,Late Payment
771,1948,2023-12-07,Mouse,10,2045.7,4957.4,Unknown,Frank,0.0,Repeat Customer
772,1949,2023-11-26,Laptop,10,1147.0,4322.12,Unknown,Unknown,0.05,No Notes
773,1949,2023-01-13,Headphones,10,1458.7,4691.1,Unknown,Bob,0.0,Late Payment
774,1952,2023-01-13,Laptop,3,1204.0,3544.74,LATAM,Bob,0.05,Urgent
775,1953,2023-01-13,Mouse,8,1239.0,5559.9,US,Eve,0.0,No Notes
776,1954,2023-08-05,Headphones,1,1505.6,1430.32,APAC,Frank,0.05,Late Payment
777,1955,2023-02-17,Tablet,4,324.5,3716.91,US,Alice,0.11,Urgent
778,1957,2023-01-13,Printer,8,395.3,4208.5,US,Unknown,0.0,No Notes
779,1958,2000-01-01,Laptop,10,1204.0,4346.72,LATAM,Doris,0.05,No Notes
780,1959,2023-06-01,Tablet,10,1855.1,4627.35,US,Eve,0.05,Repeat Customer
781,1960,2023-12-12,Unknown,10,1458.7,4691.1,Unknown,Bob,0.0,Late Payment
782,1961,2023-01-13,Unknown,8,1458.8,4597.18,APAC,Bob,0.02,Late Payment
783,1962,2000-01-01,Phone,6,2045.6,4759.01,LATAM,Charlie,0.04,Repeat Customer
784,1963,2023-07-24,Camera,10,1458.7,4691.1,Unknown,Unknown,0.0,Late Payment
785,1964,2023-01-13,Unknown,1,9243.8,9243.8,LATAM,Alice,0.0,Repeat Customer
786,1965,2023-01-13,Phone,8,2180.8,4767.76,US,Alice,0.05,No Notes
787,1966,2023-05-03,Printer,10,151.2,4097.8,US,Doris,0.0,Urgent
788,1967,2023-01-13,Tablet,10,1458.7,4550.37,APAC,Alice,0.03,Urgent
789,1968,2023-07-04,Phone,10,1253.0,8858.46,LATAM,Alice,0.05,No Notes
790,1969,2023-11-01,Printer,5,1964.6,4674.47,EU,Unknown,0.05,Late Payment
791,1970,2023-03-11,Unknown,6,2101.6,3737.02,US,Alice,0.25,Urgent
792,1971,2023-01-13,Tablet,8,1943.1,9689.2,APAC,Eve,0.0,No Notes
793,1972,2023-03-10,Laptop,5,2221.4,4785.15,EU,Alice,0.05,No Notes
794,1973,2023-08-09,Printer,1,2289.7,1831.76,EU,Unknown,0.2,Late Payment
795,1974,2023-03-27,Monitor,5,1203.0,4574.9,Unknown,Bob,0.0,No Notes
796,1975,2023-01-13,Keyboard,10,2365.0,5102.3,Unknown,Alice,0.0,No Notes
797,1976,2023-02-26,Laptop,4,1204.0,5099.47,Unknown,Alice,0.08,No Notes
798,1977,2023-09-02,Unknown,8,277.4,4030.45,EU,Bob,0.03,No Notes
799,1978,2023-12-15,Mouse,2,1239.0,4679.13,Unknown,Charlie,0.05,Urgent
800,1978,2023-01-13,Printer,6,1245.5,1153.11,US,Doris,0.05,No Notes
801,1980,2000-01-01,Headphones,3,169.6,4106.0,Unknown,Alice,0.0,No Notes
802,1981,2023-02-10,Phone,2,1253.0,4597.6,EU,Alice,0.0,No Notes
803,1982,2023-01-13,Unknown,7,630.7,2602.27,EU,Eve,0.18,No Notes
804,1983,2000-01-01,Unknown,4,504.7,4258.1,EU,Bob,0.0,Urgent
805,1984,2000-01-01,Unknown,10,1403.8,4374.6,EU,Bob,0.0,Urgent
806,1985,2023-11-14,Laptop,7,1157.2,3643.36,EU,Charlie,0.2,Late Payment
807,1986,2023-01-13,Unknown,7,2253.1,9662.8,EU,Unknown,0.01,No Notes
808,1987,2023-03-18,Phone,7,1846.2,4623.46,US,Bob,0.05,Urgent
809,1988,2000-01-01,Mouse,8,457.8,3694.44,EU,Alice,0.03,Repeat Customer
810,1990,2000-01-01,Phone,6,2250.0,5050.0,LATAM,Frank,0.0,Urgent
811,1991,2000-01-01,Tablet,5,1458.8,4691.0,Unknown,Unknown,0.0,No Notes
812,1992,2023-05-17,Phone,8,1253.0,4367.81,LATAM,Alice,0.05,Urgent
813,1993,2023-01-13,Camera,10,2202.0,5028.3,Unknown,Charlie,0.0,No Notes
814,1994,2023-07-01,Keyboard,10,291.2,3287.51,APAC,Doris,0.21,Repeat Customer
815,1996,2000-01-01,Mouse,10,1239.0,2939.42,Unknown,Bob,0.27,No Notes
816,1997,2023-05-20,Camera,9,1159.7,860.64,Unknown,Eve,0.12,Repeat Customer
817,1998,2000-01-01,Keyboard,7,1350.6,4642.0,Unknown,Unknown,0.0,No Notes
818,1999,2023-01-13,Mouse,1,345.6,4185.8,Unknown,Frank,0.0,Urgent
819,2002,2023-01-13,Headphones,10,1458.7,4221.99,Unknown,Bob,0.1,No Notes
820,2003,2023-04-11,Camera,10,1458.7,4456.54,Unknown,Charlie,0.05,No Notes
821,2004,2023-01-13,Unknown,1,1611.0,1530.45,US,Charlie,0.05,No Notes
822,2005,2023-01-13,Headphones,7,1537.0,4726.5,US,Bob,0.0,No Notes
823,2006,2023-11-13,Phone,6,1241.4,1711.2,APAC,Frank,0.13,Late Payment
824,2007,2023-05-26,Unknown,7,286.2,4159.0,EU,Doris,0.0,Late Payment
825,2008,2000-01-01,Camera,6,2434.5,4877.01,APAC,Eve,0.05,No Notes
826,2009,2023-05-12,Laptop,7,1204.0,3222.4,LATAM,Bob,0.05,Repeat Customer
827,2010,2000-01-01,Unknown,10,1970.3,6497.32,EU,Charlie,0.15,Repeat Customer
828,2011,2023-11-13,Phone,7,1788.4,8014.0,Unknown,Doris,0.0,Late Payment
829,2012,2023-10-13,Mouse,10,1239.0,3397.64,EU,Alice,0.26,No Notes
830,2014,2000-01-01,Unknown,10,1131.3,3679.42,US,Doris,0.19,Repeat Customer
831,2015,2000-01-01,Unknown,7,1324.0,4629.9,EU,Eve,0.0,No Notes
832,2016,2023-01-13,Printer,7,948.3,4236.43,Unknown,Eve,0.05,Repeat Customer
833,2017,2023-08-19,Camera,10,1424.4,4441.72,Unknown,Alice,0.05,No Notes
834,2018,2023-03-17,Unknown,10,427.8,158.9,APAC,Alice,0.0,No Notes
835,2019,2000-01-01,Headphones,2,2046.4,3546.35,EU,Alice,0.05,No Notes
836,2020,2023-06-21,Unknown,9,698.2,3259.5,Unknown,Frank,0.25,Urgent
837,2022,2000-01-01,Headphones,5,1458.8,4456.45,US,Bob,0.05,Late Payment
838,2022,2000-01-01,Unknown,6,1933.3,4660.98,LATAM,Alice,0.05,Late Payment
839,2026,2023-08-12,Headphones,6,2444.7,5138.3,US,Charlie,0.0,Late Payment
840,2027,2000-01-01,Keyboard,10,968.9,7842.7,APAC,Eve,0.0,Repeat Customer
841,2028,2000-01-01,Mouse,9,1239.0,4591.4,EU,Charlie,0.0,Late Payment
842,2029,2023-09-14,Laptop,10,1204.0,4575.5,EU,Alice,0.0,Repeat Customer
843,2030,2000-01-01,Tablet,10,2162.6,5010.5,US,Eve,0.0,No Notes
844,2031,2023-01-13,Printer,4,1458.8,4034.26,US,Alice,0.14,Late Payment
845,2032,2023-11-23,Phone,8,1253.0,8328.59,US,Frank,0.06,Urgent
846,2033,2023-04-27,Unknown,10,1458.7,4691.1,EU,Alice,0.0,Urgent
847,2034,2023-01-13,Keyboard,10,1458.7,4691.1,LATAM,Alice,0.0,Late Payment
848,2035,2023-02-14,Unknown,10,2051.2,8111.3,LATAM,Bob,0.0,Urgent
849,2036,2023-07-20,Unknown,3,1458.9,4456.45,LATAM,Frank,0.05,No Notes
850,2038,2000-01-01,Tablet,9,1458.7,4691.0,EU,Alice,0.0,Late Payment
851,2039,2023-10-07,Laptop,10,1204.0,3660.4,EU,Alice,0.2,Repeat Customer
852,2040,2000-01-01,Phone,10,1253.0,6823.0,APAC,Charlie,0.0,No Notes
853,2041,2023-04-11,Unknown,3,1670.5,4787.0,US,Alice,0.0,Urgent
854,2043,2023-01-13,Unknown,6,2284.5,3596.65,EU,Doris,0.29,Repeat Customer
855,2044,2023-01-13,Tablet,10,1458.7,4691.1,EU,Bob,0.0,No Notes
856,2045,2023-06-12,Mouse,8,374.8,4199.2,Unknown,Alice,0.0,No Notes
857,2046,2000-01-01,Printer,7,1741.7,4578.43,EU,Charlie,0.05,Repeat Customer
858,2047,2023-01-13,Monitor,1,1151.6,2712.2,LATAM,Charlie,0.19,Urgent
859,2048,2000-01-01,Tablet,5,1153.8,4552.6,APAC,Doris,0.0,Late Payment
860,2049,2023-02-01,Unknown,7,1531.2,3729.79,EU,Charlie,0.27,Urgent
861,2051,2000-01-01,Unknown,3,1260.0,3543.7,US,Eve,0.0,Urgent
862,2052,2023-03-01,Mouse,10,1381.3,4423.1,APAC,Bob,0.05,Urgent
863,2053,2000-01-01,Laptop,6,1204.0,4575.4,US,Unknown,0.0,No Notes
864,2054,2023-12-16,Headphones,9,1458.7,4691.0,LATAM,Bob,0.0,No Notes
865,2055,2023-01-13,Mouse,5,2488.6,4900.38,APAC,Alice,0.05,No Notes
866,2056,2023-04-27,Unknown,3,1458.9,3377.52,LATAM,Charlie,0.28,Urgent
867,2057,2023-12-20,Laptop,3,327.7,3968.81,APAC,Doris,0.05,No Notes
868,2058,2023-01-13,Monitor,10,1263.3,3681.92,LATAM,Alice,0.2,Late Payment
869,2059,2000-01-01,Printer,7,248.9,930.23,EU,Charlie,0.3,No Notes
870,2060,2023-01-13,Headphones,10,406.2,1202.1,EU,Doris,0.0,Urgent
871,2062,2000-01-01,Mouse,6,1239.0,2861.4,Unknown,Alice,0.05,Late Payment
872,2063,2000-01-01,Mouse,6,1239.0,1658.05,Unknown,Charlie,0.13,Urgent
873,2064,2023-07-07,Mouse,8,673.7,4118.16,US,Alice,0.05,Late Payment
874,2065,2000-01-01,Keyboard,10,2014.4,3608.54,Unknown,Charlie,0.27,Late Payment
875,2066,2023-04-08,Monitor,2,1203.0,4574.9,EU,Frank,0.0,No Notes
876,2067,2000-01-01,Unknown,7,907.6,4441.0,Unknown,Eve,0.0,Urgent
877,2068,2023-01-13,Keyboard,6,1458.8,4691.0,EU,Unknown,0.0,Repeat Customer
878,2069,2000-01-01,Headphones,6,2135.1,4448.13,APAC,Doris,0.11,Late Payment
879,2070,2023-01-13,Unknown,10,1458.7,4409.63,US,Eve,0.06,No Notes
880,2071,2023-08-25,Phone,1,1340.0,4451.52,US,Charlie,0.04,Urgent
881,2072,2023-01-13,Mouse,10,1239.0,7393.8,Unknown,Unknown,0.0,Late Payment
882,2073,2023-11-22,Printer,10,2175.5,5016.3,US,Charlie,0.0,No Notes
883,2074,2023-01-13,Headphones,10,1175.4,4910.06,US,Charlie,0.24,Urgent
884,2075,2023-06-11,Laptop,10,1709.2,633.17,US,Bob,0.05,Urgent
885,2076,2023-10-10,Monitor,7,1241.0,1892.97,Unknown,Frank,0.05,No Notes
886,2077,2023-10-01,Unknown,10,1458.7,4456.54,LATAM,Doris,0.05,No Notes
887,2078,2023-10-17,Laptop,7,1731.1,6804.1,APAC,Doris,0.13,No Notes
888,2079,2023-01-16,Camera,8,2011.4,7014.27,APAC,Doris,0.11,Urgent
889,2080,2023-06-04,Camera,10,1458.7,4691.1,Unknown,Eve,0.0,No Notes
890,2081,2023-05-25,Tablet,10,2456.4,5143.7,EU,Bob,0.0,Late Payment
891,2082,2023-12-22,Unknown,10,1838.3,4328.34,US,Doris,0.11,No Notes
892,2083,2023-08-24,Phone,2,1253.0,2626.75,EU,Bob,0.05,No Notes
893,2084,2023-06-18,Laptop,10,1939.2,4909.1,Unknown,Doris,0.0,Late Payment
894,2085,2023-06-24,Mouse,7,1426.0,4676.2,EU,Bob,0.0,Late Payment
895,2086,2000-01-01,Unknown,6,1246.7,611.4,APAC,Alice,0.0,Repeat Customer
896,2087,2000-01-01,Phone,3,192.5,4116.4,Unknown,Alice,0.0,No Notes
897,2087,2023-02-07,Headphones,6,1996.8,4935.1,Unknown,Alice,0.0,No Notes
898,2089,2000-01-01,Mouse,10,1239.0,4361.83,US,Alice,0.05,Urgent
899,2090,2023-01-13,Tablet,4,370.4,3526.2,US,Bob,0.0,Late Payment
900,2091,2023-08-26,Laptop,10,1204.0,4575.5,Unknown,Bob,0.0,No Notes
901,2092,2000-01-01,Mouse,7,649.8,3718.64,US,Doris,0.14,No Notes
902,2093,2023-10-14,Printer,8,1458.8,4221.9,Unknown,Doris,0.1,Late Payment
903,2094,2023-01-13,Phone,10,1253.0,3004.1,US,Eve,0.0,No Notes
904,2097,2023-07-17,Unknown,10,820.3,1006.6,US,Alice,0.0,Repeat Customer
905,2098,2023-03-04,Printer,7,1301.2,4388.62,Unknown,Frank,0.05,Repeat Customer
906,2098,2000-01-01,Keyboard,7,379.5,7902.14,US,Bob,0.04,Repeat Customer
907,2101,2023-01-13,Mouse,6,1239.0,490.1,EU,Charlie,0.0,Repeat Customer
908,2102,2023-04-02,Keyboard,7,466.0,197.0,Unknown,Alice,0.0,No Notes
909,2103,2023-01-13,Tablet,7,959.8,4464.6,US,Bob,0.0,Urgent
910,2104,2023-01-13,Laptop,10,1204.0,9473.0,APAC,Unknown,0.0,No Notes
911,2105,2023-06-25,Monitor,10,391.8,90.73,APAC,Frank,0.12,Repeat Customer
912,2106,2023-04-01,Keyboard,7,1108.0,3262.97,Unknown,Frank,0.28,No Notes
913,2107,2023-01-13,Mouse,4,1608.0,569.9,LATAM,Unknown,0.0,Repeat Customer
914,2108,2023-04-09,Tablet,7,1151.6,4324.02,APAC,Charlie,0.05,Late Payment
915,2110,2023-10-28,Headphones,10,2302.0,4312.64,APAC,Frank,0.15,Repeat Customer
916,2111,2023-01-13,Headphones,6,2288.0,4357.88,LATAM,Doris,0.14,Repeat Customer
917,2112,2000-01-01,Camera,10,1458.7,4034.35,EU,Bob,0.14,No Notes
918,2113,2023-04-21,Mouse,8,1239.0,6987.06,Unknown,Bob,0.05,No Notes
919,2114,2000-01-01,Tablet,3,730.3,1138.7,Unknown,Frank,0.0,No Notes
920,2115,2023-07-28,Camera,10,2165.9,8773.3,EU,Unknown,0.0,No Notes
921,2117,2023-01-13,Headphones,1,3195.9,2652.6,APAC,Frank,0.17,No Notes
922,2118,2023-02-18,Unknown,3,1436.0,4680.6,US,Bob,0.0,Repeat Customer
923,2118,2000-01-01,Monitor,10,1803.3,6461.1,EU,Charlie,0.0,Urgent
924,2120,2023-01-13,Phone,10,1812.4,4754.47,LATAM,Charlie,0.02,Repeat Customer
925,2121,2023-01-13,Keyboard,9,1458.7,4268.81,Unknown,Alice,0.09,Urgent
926,2122,2023-02-17,Headphones,7,1877.7,4881.1,APAC,Unknown,0.0,No Notes
927,2123,2023-01-13,Headphones,1,7753.0,7365.35,Unknown,Charlie,0.05,Urgent
928,2124,2023-03-26,Phone,10,52.6,3769.38,EU,Unknown,0.07,Late Payment
929,2126,2000-01-01,Headphones,10,1458.7,4691.1,APAC,Unknown,0.0,Repeat Customer
930,2127,2023-01-13,Tablet,10,2216.9,4783.34,APAC,Alice,0.05,No Notes
931,2128,2000-01-01,Tablet,7,2145.9,8439.9,Unknown,Doris,0.0,No Notes
932,2129,2023-02-17,Unknown,7,1142.6,4320.22,US,Alice,0.05,Repeat Customer
933,2130,2023-12-08,Phone,10,879.8,4428.4,EU,Alice,0.0,No Notes
934,2131,2023-01-13,Unknown,3,1590.7,4750.8,LATAM,Bob,0.0,No Notes
935,2132,2023-07-04,Mouse,7,1337.8,4404.3,US,Bob,0.05,Repeat Customer
936,2134,2023-01-13,Tablet,10,1572.2,4742.6,Unknown,Eve,0.0,No Notes
937,2135,2000-01-01,Keyboard,1,4062.2,3046.65,LATAM,Unknown,0.25,No Notes
938,2136,2023-01-13,Monitor,7,2493.1,5160.3,EU,Charlie,0.0,Urgent
939,2137,2023-01-27,Headphones,8,107.3,4077.9,APAC,Eve,0.0,Late Payment
940,2138,2023-09-18,Unknown,7,1670.2,3590.25,Unknown,Eve,0.25,No Notes
941,2139,2023-01-13,Laptop,1,1204.0,3705.99,US,Frank,0.19,Late Payment
942,2140,2023-10-09,Printer,1,9140.7,9140.7,US,Unknown,0.0,Urgent
943,2140,2023-01-13,Phone,10,1253.0,4597.7,EU,Alice,0.0,No Notes
944,2142,2023-01-13,Laptop,10,1204.0,4575.5,Unknown,Bob,0.0,Repeat Customer
945,2144,2023-10-14,Monitor,10,788.2,4167.46,US,Frank,0.05,No Notes
946,2145,2023-03-13,Phone,6,1949.2,4913.5,Unknown,Charlie,0.0,No Notes
947,2147,2023-06-20,Laptop,6,1204.0,3092.0,EU,Bob,0.0,No Notes
948,2149,2023-06-08,Monitor,4,1329.3,6886.9,APAC,Alice,0.0,No Notes
949,2151,2023-12-11,Printer,9,262.8,4148.4,Unknown,Doris,0.0,No Notes
950,2152,2023-07-24,Unknown,7,1458.8,4691.0,EU,Alice,0.0,Late Payment
951,2153,2023-06-02,Laptop,2,1204.0,2172.17,LATAM,Frank,0.05,No Notes
952,2155,2023-09-12,Camera,2,1458.9,4456.45,US,Charlie,0.05,No Notes
953,2157,2023-03-03,Unknown,10,2117.0,8490.7,US,Doris,0.0,No Notes
954,2158,2023-01-01,Phone,7,932.3,4452.2,Unknown,Doris,0.0,Urgent
955,2159,2023-11-11,Printer,9,496.0,5672.49,US,Doris,0.24,Urgent
956,2160,2000-01-01,Keyboard,1,432.2,328.47,US,Unknown,0.24,Urgent
957,2161,2000-01-01,Monitor,7,1203.0,4575.0,APAC,Bob,0.0,No Notes
958,2162,2023-01-13,Monitor,10,1203.0,4575.0,US,Frank,0.0,No Notes
959,2163,2000-01-01,Monitor,7,1424.6,3319.6,LATAM,Alice,0.29,Repeat Customer
960,2164,2000-01-01,Laptop,6,1204.0,56.8,EU,Charlie,0.0,Late Payment
961,2165,2023-12-22,Phone,7,815.1,3299.25,EU,Alice,0.25,Late Payment
962,2166,2023-01-07,Tablet,10,1008.6,2093.2,US,Eve,0.0,No Notes
963,2168,2023-05-28,Monitor,7,1203.0,2026.31,EU,Alice,0.24,Urgent
964,2169,2023-01-24,Keyboard,4,1458.8,4456.45,US,Unknown,0.05,Repeat Customer
965,2170,2023-08-15,Monitor,1,1203.0,4346.16,Unknown,Alice,0.05,No Notes
966,2171,2023-01-13,Phone,10,1253.0,3470.85,EU,Eve,0.23,Urgent
967,2172,2023-01-13,Phone,10,934.4,4453.2,US,Alice,0.0,Urgent
968,2174,2023-01-13,Laptop,10,439.2,4228.5,Unknown,Unknown,0.0,Repeat Customer
969,2175,2000-01-01,Unknown,3,2336.3,5089.1,LATAM,Alice,0.0,Repeat Customer
970,2176,2023-06-07,Laptop,6,1194.7,686.43,APAC,Frank,0.29,Urgent
971,2177,2023-02-15,Laptop,10,1204.0,4575.5,Unknown,Bob,0.0,Repeat Customer
972,2178,2023-01-13,Keyboard,7,286.3,5476.1,Unknown,Alice,0.0,Repeat Customer
973,2179,2023-01-13,Tablet,7,369.1,1376.83,LATAM,Eve,0.05,Urgent
974,2180,2000-01-01,Tablet,7,1194.3,3164.9,APAC,Bob,0.0,No Notes
975,2181,2023-11-01,Keyboard,1,380.2,342.18,US,Bob,0.1,Repeat Customer
976,2183,2000-01-01,Unknown,9,2442.0,4469.36,APAC,Bob,0.13,Urgent
977,2184,2023-09-25,Headphones,10,1965.7,4281.36,Unknown,Eve,0.13,No Notes
978,2185,2023-01-13,Keyboard,10,2140.6,635.07,LATAM,Bob,0.05,Urgent
979,2186,2023-06-01,Laptop,1,1204.0,3751.75,Unknown,Doris,0.18,Urgent
980,2187,2023-10-25,Phone,5,1021.4,4492.6,APAC,Doris,0.0,Repeat Customer
981,2188,2000-01-01,Unknown,1,3009.0,3009.0,Unknown,Bob,0.0,Repeat Customer
982,2188,2023-01-13,Unknown,10,2226.9,9531.4,US,Unknown,0.0,Urgent
983,2190,2023-01-13,Mouse,10,1239.0,1147.07,LATAM,Eve,0.24,Urgent
984,2192,2023-09-05,Tablet,9,389.0,3995.41,Unknown,Eve,0.05,No Notes
985,2193,2000-01-01,Keyboard,10,1750.5,6056.63,Unknown,Eve,0.05,Late Payment
986,2194,2023-02-10,Unknown,10,1383.6,6182.37,APAC,Frank,0.1,Late Payment
987,2195,2000-01-01,Unknown,10,147.9,525.41,LATAM,Unknown,0.04,Urgent
988,2196,2000-01-01,Phone,6,1253.0,4597.6,US,Alice,0.0,No Notes
989,2197,2023-01-13,Keyboard,7,770.6,4378.8,Unknown,Doris,0.0,No Notes
990,2198,2023-01-13,Monitor,7,1861.4,4873.7,Unknown,Charlie,0.0,No Notes
991,2199,2023-09-14,Tablet,6,1804.2,6685.1,Unknown,Bob,0.0,No Notes
